address,Currency,label,addr_length,prefix_1,prefix_2,prefix_3,has_upper,has_lower,has_digit,digit_ratio,letter_ratio,non_alnum_ratio,base58_ratio,hex_ratio,charset_entropy,char_count_A_to_F,char_count_a_to_f,char_count_rest,max_repeated_char
18M8bJWMzWHDBMxoLqjHHAffdRy4SrzkfB,Bitcoin Cash,0,34,1,18,18M,1,1,1,0.117647059,0.882352941,0,1,0.382352941,4.432619826,4,5,21,2
qpf2cphc5dkuclkqur7lhj2yuqq9pk3hmukle77vhq,Bitcoin Cash,0,42,q,qp,qpf,0,1,1,0.19047619,0.80952381,0,0.928571429,0.333333333,4.044003364,0,6,28,2
qpusmp64rajses77x95g9ah825mtyyv74smwwkxhx3,Bitcoin Cash,0,42,q,qp,qpu,0,1,1,0.30952381,0.69047619,0,1,0.380952381,4.48125403,0,3,26,2
qq3vlashthktqpeppuv7trmw070e3mydgq63zq348v,Bitcoin Cash,0,42,q,qq,qq3,0,1,1,0.261904762,0.738095238,0,0.928571429,0.357142857,4.347691161,0,4,27,2
qqyuc9s700plhzr6awzru7g5z2d2p906uyrm6ht0r0,Bitcoin Cash,0,42,q,qq,qqy,0,1,1,0.357142857,0.642857143,0,0.857142857,0.428571429,4.252453066,0,3,24,2
qz9f2vz3033sg5vc5mf7m7xshmj0jugy4ummf05jk8,Bitcoin Cash,0,42,q,qz,qz9,0,1,1,0.357142857,0.642857143,0,0.928571429,0.452380952,4.26412509,0,4,23,2
qzjv8hrdvz6edu4gkzpnd4w6jc7zf296g5e9kkq4lx,Bitcoin Cash,0,42,q,qz,qzj,0,1,1,0.285714286,0.714285714,0,0.976190476,0.452380952,4.463280518,0,7,23,2
XnPFsRWTaSgiVauosEwQ6dEitGYXgwznz2,Dash,1,34,X,Xn,XnP,1,1,1,0.058823529,0.941176471,0,1,0.235294118,4.558051077,3,3,26,0
Xs3vzQmNvAxRa3Xo8XzQqUb3BMgb9EogF4,Dash,1,34,X,Xs,Xs3,1,1,1,0.176470588,0.823529412,0,1,0.382352941,4.4548224,4,3,21,0
XyARKoupuArYtToA2S6yMdnoquDCDaBsaT,Dash,1,34,X,Xy,XyA,1,1,1,0.058823529,0.941176471,0,1,0.352941176,4.432619826,7,3,22,0
0x04DBA1194ee10112fE6C3207C0687DEf0e78baCf,Ethereum,2,42,0,0x,0x0,1,1,1,0.571428571,0.428571429,0,0.857142857,0.976190476,4.00805634,9,8,1,2
0x08723392Ed15743cc38513C4925f5e6be5c17243,Ethereum,2,42,0,0x,0x0,1,1,1,0.738095238,0.261904762,0,0.952380952,0.976190476,3.912818245,2,8,1,2
0x08b2eFdcdB8822EfE5ad0Eae55517cf5DC544251,Ethereum,2,42,0,0x,0x0,1,1,1,0.523809524,0.476190476,0,0.928571429,0.976190476,3.995388031,7,12,1,3
0x0931cA4D13BB4ba75D9B7132AB690265D749a5E7,Ethereum,2,42,0,0x,0x0,1,1,1,0.642857143,0.357142857,0,0.928571429,0.976190476,3.951143018,10,4,1,2
0x098B716B8Aaf21512996dC57EB0615e2383E2f96,Ethereum,2,42,0,0x,0x0,1,1,1,0.69047619,0.30952381,0,0.928571429,0.976190476,3.987090042,7,5,1,2
0x0Ee5067b06776A89CcC7dC8Ee369984AD7Db5e06,Ethereum,2,42,0,0x,0x0,1,1,1,0.595238095,0.404761905,0,0.880952381,0.976190476,3.872115722,9,7,1,2
0x1967d8af5bd86a497fb3dd7899a020e47560daaf,Ethereum,2,42,0,0x,0x1,0,1,1,0.595238095,0.404761905,0,0.904761905,0.976190476,3.785556864,0,16,1,2
0x1999ef52700c34de7ec2b68a28aafb37db0c5ade,Ethereum,2,42,0,0x,0x1,0,1,1,0.523809524,0.476190476,0,0.904761905,0.976190476,3.951143018,0,19,1,3
0x19F8f2B0915Daa12a3f5C9CF01dF9E24D53794F7,Ethereum,2,42,0,0x,0x1,1,1,1,0.595238095,0.404761905,0,0.928571429,0.976190476,3.996384316,10,6,1,2
0x19aa5fe80d33a56d56c78e82ea5e50e5d80b4dff,Ethereum,2,42,0,0x,0x1,0,1,1,0.547619048,0.452380952,0,0.904761905,0.976190476,3.77626259,0,18,1,2
0x1da5821544e25c636c1417ba96ade4cf6d2f9b5a,Ethereum,2,42,0,0x,0x1,0,1,1,0.595238095,0.404761905,0,0.976190476,0.976190476,3.909825458,0,16,1,2
0x21B8d56BDA776bbE68655A16895afd96F5534feD,Ethereum,2,42,0,0x,0x2,1,1,1,0.595238095,0.404761905,0,0.976190476,0.976190476,4.111973673,8,8,1,2
0x2f389ce8bd8ff92de3402ffce4691d17fc4f6535,Ethereum,2,42,0,0x,0x2,0,1,1,0.571428571,0.428571429,0,0.952380952,0.976190476,3.828255888,0,17,1,2
0x308ed4b7b49797e1a98d3818bff6fe5385410370,Ethereum,2,42,0,0x,0x3,0,1,1,0.69047619,0.30952381,0,0.904761905,0.976190476,3.769961102,0,12,1,2
0x35fB6f6DB4fb05e6A4cE86f2C93691425626d4b1,Ethereum,2,42,0,0x,0x3,1,1,1,0.619047619,0.380952381,0,0.952380952,0.976190476,4.031335055,6,9,1,0
0x39D908dac893CBCB53Cc86e0ECc369aA4DeF1A29,Ethereum,2,42,0,0x,0x3,1,1,1,0.5,0.5,0,0.928571429,0.976190476,4.109595923,12,8,1,0
0x3AD9dB589d201A710Ed237c829c7860Ba86510Fc,Ethereum,2,42,0,0x,0x3,1,1,1,0.642857143,0.357142857,0,0.880952381,0.976190476,4.00805634,7,7,1,0
0x3Cffd56B47B7b41c56258D9C7731ABaDc360E073,Ethereum,2,42,0,0x,0x3,1,1,1,0.595238095,0.404761905,0,0.928571429,0.976190476,4.186860507,9,7,1,2
0x3cbded43efdaf0fc77b9c55f6fc9988fcc9b757d,Ethereum,2,42,0,0x,0x3,0,1,1,0.452380952,0.547619048,0,0.952380952,0.976190476,3.665428732,0,22,1,2
0x3e37627dEAA754090fBFbb8bd226c1CE66D255e9,Ethereum,2,42,0,0x,0x3,1,1,1,0.571428571,0.428571429,0,0.928571429,0.976190476,4.272804327,8,9,1,2
0x43fa21d92141BA9db43052492E0DeEE5aa5f0A93,Ethereum,2,42,0,0x,0x4,1,1,1,0.595238095,0.404761905,0,0.904761905,0.976190476,3.921497482,7,9,1,2
0x48549a34ae37b12f6a30566245176994e17c6b4a,Ethereum,2,42,0,0x,0x4,0,1,1,0.738095238,0.261904762,0,0.952380952,0.976190476,3.799606637,0,10,1,2
0x4f47bc496083c727c5fbe3ce9cdf2b0f6496270c,Ethereum,2,42,0,0x,0x4,0,1,1,0.595238095,0.404761905,0,0.904761905,0.976190476,3.71304778,0,16,1,0
0x502371699497d08D5339c870851898D6D72521Dd,Ethereum,2,42,0,0x,0x5,1,1,1,0.80952381,0.19047619,0,0.904761905,0.976190476,3.642699721,4,3,1,2
0x530a64c0ce595026a4a556b703644228179e2d57,Ethereum,2,42,0,0x,0x5,0,1,1,0.761904762,0.238095238,0,0.880952381,0.976190476,3.758289078,0,9,1,2
0x53b6936513e738f44FB50d2b9476730C0Ab3Bfc1,Ethereum,2,42,0,0x,0x5,1,1,1,0.666666667,0.333333333,0,0.904761905,0.976190476,4.076026649,5,8,1,2
0x5512d943ed1f7c8a43f3435c85f7ab68b30121b0,Ethereum,2,42,0,0x,0x5,0,1,1,0.666666667,0.333333333,0,0.928571429,0.976190476,3.930791756,0,13,1,2
0x5A14E72060c11313E38738009254a90968F58f51,Ethereum,2,42,0,0x,0x5,1,1,1,0.80952381,0.19047619,0,0.857142857,0.976190476,3.823881638,4,3,1,2
0x5a7a51bfb49f190e5a6060a5bc6052ac14a3b59f,Ethereum,2,42,0,0x,0x5,0,1,1,0.595238095,0.404761905,0,0.880952381,0.976190476,3.638775982,0,16,1,0
0x5f48c2a71b2cc96e3f0ccae4e39318ff0dc375b2,Ethereum,2,42,0,0x,0x5,0,1,1,0.547619048,0.452380952,0,0.928571429,0.976190476,3.921497482,0,18,1,2
0x67d40EE1A85bf4a4Bb7Ffae16De985e8427B6b45,Ethereum,2,42,0,0x,0x6,1,1,1,0.547619048,0.452380952,0,0.952380952,0.976190476,4.150913483,7,11,1,2
0x6be0ae71e6c41f2f9d0d1a3b8d0f75e6f6a0b46e,Ethereum,2,42,0,0x,0x6,0,1,1,0.523809524,0.476190476,0,0.880952381,0.976190476,3.824496674,0,19,1,0
0x6f1ca141a28907f78ebaa64fb83a9088b02a8352,Ethereum,2,42,0,0x,0x6,0,1,1,0.642857143,0.357142857,0,0.904761905,0.976190476,3.772338851,0,14,1,2
0x72a5843cc08275C8171E582972Aa4fDa8C397B2A,Ethereum,2,42,0,0x,0x7,1,1,1,0.666666667,0.333333333,0,0.952380952,0.976190476,3.955681794,7,6,1,2
0x797d7ae72ebddcdea2a346c1834e04d1f8df102b,Ethereum,2,42,0,0x,0x7,0,1,1,0.523809524,0.476190476,0,0.928571429,0.976190476,3.837931411,0,19,1,2
0x7Db418b5D567A4e0E8c59Ad71BE1FcE48f3E6107,Ethereum,2,42,0,0x,0x7,1,1,1,0.571428571,0.428571429,0,0.928571429,0.976190476,4.129947184,10,7,1,0
0x7F19720A857F834887FC9A7bC0a0fBe7Fc7f8102,Ethereum,2,42,0,0x,0x7,1,1,1,0.619047619,0.380952381,0,0.880952381,0.976190476,3.895394437,9,6,1,2
0x7F367cC41522cE07553e823bf3be79A889DEbe1B,Ethereum,2,42,0,0x,0x7,1,1,1,0.595238095,0.404761905,0,0.952380952,0.976190476,4.207211768,7,9,1,2
0x7FF9cFad3877F21d41Da833E2F775dB0569eE3D9,Ethereum,2,42,0,0x,0x7,1,1,1,0.571428571,0.428571429,0,0.952380952,0.976190476,4.041625614,10,7,1,2
0x83E5bC4Ffa856BB84Bb88581f5Dd62A433A25e0D,Ethereum,2,42,0,0x,0x8,1,1,1,0.571428571,0.428571429,0,0.952380952,0.976190476,4.073648899,10,7,1,2
0x8576acc5c05d6ce88f4e49bf65bdf0c62f91353c,Ethereum,2,42,0,0x,0x8,0,1,1,0.571428571,0.428571429,0,0.928571429,0.976190476,3.853527173,0,17,1,2
0x901bb9583b24d97e995513c6778dc6888ab6870e,Ethereum,2,42,0,0x,0x9,0,1,1,0.714285714,0.285714286,0,0.928571429,0.976190476,3.787934614,0,11,1,3
0x931546D9e66836AbF687d2bc64B30407bAc8C568,Ethereum,2,42,0,0x,0x9,1,1,1,0.666666667,0.333333333,0,0.928571429,0.976190476,4.043007078,6,7,1,2
0x961c5be54a2ffc17cf4cb021d863c42dacd47fc1,Ethereum,2,42,0,0x,0x9,0,1,1,0.523809524,0.476190476,0,0.952380952,0.976190476,3.840858864,0,19,1,2
0x97b1043abd9e6fc31681635166d430a458d14f9c,Ethereum,2,42,0,0x,0x9,0,1,1,0.69047619,0.30952381,0,0.928571429,0.976190476,3.833175912,0,12,1,2
0x983a81ca6FB1e441266D2FbcB7D8E530AC2E05A2,Ethereum,2,42,0,0x,0x9,1,1,1,0.571428571,0.428571429,0,0.928571429,0.976190476,4.272804327,11,6,1,2
0x9c2bc757b66f24d60f016b6237f8cdd414a879fa,Ethereum,2,42,0,0x,0x9,0,1,1,0.619047619,0.380952381,0,0.928571429,0.976190476,3.865199197,0,15,1,2
0x9f4cda013e354b8fc285bf4b9a60460cee7f7ea9,Ethereum,2,42,0,0x,0x9,0,1,1,0.547619048,0.452380952,0,0.904761905,0.976190476,3.939470994,0,18,1,2
0xE950DC316b836e4EeFb8308bf32Bf7C72a1358FF,Ethereum,2,42,0,0x,0xE,1,1,1,0.571428571,0.428571429,0,0.928571429,0.976190476,4.157214971,9,8,1,2
0xEFE301d259F525cA1ba74A7977b80D5b060B3ccA,Ethereum,2,42,0,0x,0xE,1,1,1,0.571428571,0.428571429,0,0.880952381,0.976190476,4.109595923,9,8,1,2
0xF7B31119c2682c88d88D455dBb9d5932c65Cf1bE,Ethereum,2,42,0,0x,0xF,1,1,1,0.619047619,0.380952381,0,0.976190476,0.976190476,4.091622411,6,9,1,3
0xa0e1c89Ef1a489c9C7dE96311eD5Ce5D32c20E4B,Ethereum,2,42,0,0x,0xa,1,1,1,0.547619048,0.452380952,0,0.928571429,0.976190476,4.177566232,8,10,1,2
0xa7e5d5a720f06526557c513402f2e6b5fa20b008,Ethereum,2,42,0,0x,0xa,0,1,1,0.69047619,0.30952381,0,0.833333333,0.976190476,3.632027913,0,12,1,2
0xb6f5ec1a0a9cd1526536d3f0426c429529471f40,Ethereum,2,42,0,0x,0xb,0,1,1,0.69047619,0.30952381,0,0.904761905,0.976190476,3.844232899,0,12,1,0
0xc2a3829F459B3Edd87791c74cD45402BA0a20Be3,Ethereum,2,42,0,0x,0xc,1,1,1,0.619047619,0.380952381,0,0.904761905,0.976190476,4.064354625,7,8,1,2
0xc455f7fd3e0e12afd51fba5c106909934d8a0e4a,Ethereum,2,42,0,0x,0xc,0,1,1,0.571428571,0.428571429,0,0.880952381,0.976190476,3.883172709,0,17,1,2
0xd0975b32cea532eadddfc9c60481976e39db3472,Ethereum,2,42,0,0x,0xd,0,1,1,0.595238095,0.404761905,0,0.928571429,0.976190476,3.930791756,0,16,1,3
0xd5ED34b52AC4ab84d8FA8A231a3218bbF01Ed510,Ethereum,2,42,0,0x,0xd,1,1,1,0.547619048,0.452380952,0,0.928571429,0.976190476,3.885550458,9,9,1,2
0xd882cfc20f52f2599d84b8e8d58c7fb62cfe344b,Ethereum,2,42,0,0x,0xd,0,1,1,0.571428571,0.428571429,0,0.952380952,0.976190476,3.684017281,0,17,1,2
0xdcbEfFBECcE100cCE9E4b153C4e15cB885643193,Ethereum,2,42,0,0x,0xd,1,1,1,0.5,0.5,0,0.928571429,0.976190476,3.978410804,11,9,1,2
0xe1d865c3d669dcc8c57c8d023140cb204e672ee4,Ethereum,2,42,0,0x,0xe,0,1,1,0.619047619,0.380952381,0,0.904761905,0.976190476,3.731021292,0,15,1,2
0xe7aa314c77f4233c18c6cc84384a9247c0cf367b,Ethereum,2,42,0,0x,0xe,0,1,1,0.642857143,0.357142857,0,0.952380952,0.976190476,3.630646449,0,14,1,2
0xed6e0a7e4ac94d976eebfb82ccf777a3c6bad921,Ethereum,2,42,0,0x,0xe,0,1,1,0.476190476,0.523809524,0,0.952380952,0.976190476,3.8152024,0,21,1,3
0xf3701f445b6bdafedbca97d1e477357839e4120d,Ethereum,2,42,0,0x,0xf,0,1,1,0.595238095,0.404761905,0,0.928571429,0.976190476,3.912818245,0,16,1,2
LNf2JDiuunBz7GMDKFYHN4rq5meXWxiwfb,Litecoin,3,34,L,LN,LNf,1,1,1,0.117647059,0.882352941,0,1,0.352941176,4.793345194,4,4,22,2
LNwgtMxcKUQ51dw7bQL1yPQjBVZh6QEqsd,Litecoin,3,34,L,LN,LNw,1,1,1,0.147058824,0.852941176,0,1,0.323529412,4.616874606,2,4,23,0
LQAhYwwK5AR1JQiQPr7vu8Pu4b6qcxxvNB,Litecoin,3,34,L,LQ,LQA,1,1,1,0.176470588,0.823529412,0,1,0.323529412,4.594672032,3,2,23,2
LWnbjLYUfqeokfbWM4FcU7uk2FP2DSxuWS,Litecoin,3,34,L,LW,LWn,1,1,1,0.117647059,0.882352941,0,1,0.382352941,4.418201444,3,6,21,0
LaYUy1DGfVSuSF5KbPhbLrm8kRotqiwUJn,Litecoin,3,34,L,La,LaY,1,1,1,0.088235294,0.911764706,0,1,0.264705882,4.852168724,2,4,25,0
LaizKtS5DUhPuP1nTQcc83MS7HwK6vk85z,Litecoin,3,34,L,La,Lai,1,1,1,0.235294118,0.764705882,0,1,0.352941176,4.675698135,1,3,22,2
LeKvNdNEzgQkzVVnRdV3fAu2DSF1nLsNw6,Litecoin,3,34,L,Le,LeK,1,1,1,0.117647059,0.882352941,0,1,0.352941176,4.572469459,4,4,22,2
Leo3j36nn1JcsUQruytQhFUdCdCH5YHMR3,Litecoin,3,34,L,Le,Leo,1,1,1,0.176470588,0.823529412,0,1,0.382352941,4.594672032,3,4,21,2
LgwmgYnraU2uBWHVFUDgAmFCPYj5Yw8C9L,Litecoin,3,34,L,Lg,Lgw,1,1,1,0.117647059,0.882352941,0,1,0.352941176,4.4548224,7,1,22,0
M8yFL6SFC6TreATegTyuSYkDfDRbisdpT3,Litecoin,3,34,M,M8,M8y,1,1,1,0.117647059,0.882352941,0,1,0.441176471,4.499227547,6,5,19,0
TBHTJqAy4DhHhmT3dNceJYNRz4SdLofLre,TRON,4,34,T,TB,TBH,1,1,1,0.088235294,0.911764706,0,1,0.352941176,4.477024974,3,6,22,0
TFdTr9C3BqQrzKBXqSxJfAZFTh8UwBAfSg,TRON,4,34,T,TF,TFd,1,1,1,0.088235294,0.911764706,0,1,0.411764706,4.4548224,8,3,20,0
TMStbg5fgb4uTV7fK1gEYF9hKAzP3siPsG,TRON,4,34,T,TM,TMS,1,1,1,0.176470588,0.823529412,0,1,0.382352941,4.594672032,3,4,21,0
TNmRfnSUXZoWWzxcDDbf95eGQYXt1mJDt8,TRON,4,34,T,TN,TNm,1,1,1,0.117647059,0.882352941,0,1,0.352941176,4.653495562,3,5,22,2
TRBACioxdrdsYEZHvJWiUDZcMdBPpEe5Ub,TRON,4,34,T,TR,TRB,1,1,1,0.029411765,0.970588235,0,1,0.411764706,4.653495562,7,6,20,0
TTKnV2S1295UrPr7N67Tp9ykNL7xX2Z4Uj,TRON,4,34,T,TT,TTK,1,1,1,0.352941176,0.647058824,0,1,0.352941176,4.432619826,0,0,22,2
TTUDyVhhpCC1xJoPmWzdjLAzeoPwbSABdr,TRON,4,34,T,TT,TTU,1,1,1,0.029411765,0.970588235,0,1,0.323529412,4.616874606,6,4,23,2
TU4tDFRvcKhAZ1jdihojmBWZqvJhQCnJ4F,TRON,4,34,T,TU,TU4,1,1,1,0.088235294,0.911764706,0,1,0.323529412,4.594672032,6,2,23,0
0x175d44451403Edf28469dF03A9280c1197ADb92c,Tether,5,42,0,0x,0x1,1,1,1,0.69047619,0.30952381,0,0.904761905,0.976190476,4.03233134,5,7,1,3
0x19aa5fe80d33a56d56c78e82ea5e50e5d80b4dff,Tether,5,42,0,0x,0x1,0,1,1,0.547619048,0.452380952,0,0.904761905,0.976190476,3.77626259,0,18,1,2
0x2f389ce8bd8ff92de3402ffce4691d17fc4f6535,Tether,5,42,0,0x,0x2,0,1,1,0.571428571,0.428571429,0,0.952380952,0.976190476,3.828255888,0,17,1,2
0x38735f03b30FbC022DdD06ABED01F0Ca823C6a94,Tether,5,42,0,0x,0x3,1,1,1,0.571428571,0.428571429,0,0.833333333,0.976190476,4.070274865,11,6,1,2
0x983a81ca6FB1e441266D2FbcB7D8E530AC2E05A2,Tether,5,42,0,0x,0x9,1,1,1,0.571428571,0.428571429,0,0.928571429,0.976190476,4.272804327,11,6,1,2
0xb6f5ec1a0a9cd1526536d3f0426c429529471f40,Tether,5,42,0,0x,0xb,0,1,1,0.69047619,0.30952381,0,0.904761905,0.976190476,3.844232899,0,12,1,0
0xfac583c0cf07ea434052c49115a4682172ab6b4f,Tether,5,42,0,0x,0xf,0,1,1,0.642857143,0.357142857,0,0.904761905,0.976190476,3.853527173,0,14,1,2
0xfec8a60023265364d066a1212fde3930f6ae8da7,Tether,5,42,0,0x,0xf,0,1,1,0.642857143,0.357142857,0,0.880952381,0.976190476,3.740315566,0,14,1,2
16iWn2J1McqjToYLHSsAyS6En3QA8YQ91H,Tether,5,34,1,16,16i,1,1,1,0.264705882,0.735294118,0,1,0.382352941,4.535848503,3,1,21,0
1CF46Rfbp97absrs7zb7dFfZS6qBXUm9EP,Tether,5,34,1,1C,1CF,1,1,1,0.264705882,0.735294118,0,1,0.617647059,4.513645929,5,7,13,0
1Df883c96LVauVsx9FEgnsourD8DELwCUQ,Tether,5,34,1,1D,1Df,1,1,1,0.235294118,0.764705882,0,1,0.529411765,4.4548224,7,3,16,2
1KUUJPkyDhamZXgpsyXqNGc3x1QPXtdhgz,Tether,5,34,1,1K,1KU,1,1,1,0.088235294,0.911764706,0,1,0.205882353,4.594672032,1,3,27,2
1LrxsRd7zNuxPJcL5rttnoeJFy1y4AffYY,Tether,5,34,1,1L,1Lr,1,1,1,0.147058824,0.852941176,0,1,0.352941176,4.558051077,2,5,22,2
3E6ZCKRrsdPc35chA9Eftp1h3DLW18NFNV,Tether,5,34,3,3E,3.00E+06,1,1,1,0.264705882,0.735294118,0,1,0.558823529,4.653495562,6,4,15,0
3LtcaPbCj87CwJHnRX3vh7c2y9RZQqeSy8,Tether,5,34,3,3L,3Lt,1,1,1,0.235294118,0.764705882,0,1,0.441176471,4.675698135,2,5,19,0
TC4VsFHJdZ66BdwobZxkudVZBVmQZgCP65,Tether,5,34,T,TC,TC4,1,1,1,0.147058824,0.852941176,0,1,0.411764706,4.314972768,5,4,20,2
TDdbRFoBTEmE3qiR69Y6rKRSG1hoF65QaE,Tether,5,34,T,TD,TDd,1,1,1,0.205882353,0.794117647,0,1,0.5,4.491443356,7,3,17,0
TDprk9jeYPVm6khkBp1u7fwuyJcEJFrPWD,Tether,5,34,T,TD,TDp,1,1,1,0.117647059,0.882352941,0,1,0.352941176,4.594672032,5,3,22,0
TDwN1Eq62bqvVhfGAjdRRJjE46jsi5KNMV,Tether,5,34,T,TD,TDw,1,1,1,0.176470588,0.823529412,0,1,0.382352941,4.594672032,4,3,21,2
TEAqwfMhXLaomXhZ8KeMhx3njGmQEDnsUR,Tether,5,34,T,TE,TEA,1,1,1,0.058823529,0.941176471,0,1,0.264705882,4.653495562,4,3,25,0
TEFph7dZoUN5233cGEzF6XFwRpjPF8fQDS,Tether,5,34,T,TE,TEF,1,1,1,0.205882353,0.794117647,0,1,0.5,4.675698135,7,3,17,2
TFFvv7NAWmbcVfA7QN81mMvUC25TWj1WJx,Tether,5,34,T,TF,TFF,1,1,1,0.205882353,0.794117647,0,1,0.441176471,4.395998871,5,3,19,2
TGJVc32ig2u8tQsYMLE7KXHT5NDQroaVNU,Tether,5,34,T,TG,TGJ,1,1,1,0.176470588,0.823529412,0,1,0.294117647,4.793345194,2,2,24,0
TGUPpmW2bAnMCLe5ih2CFisfCHk4gTFDsx,Tether,5,34,T,TG,TGU,1,1,1,0.117647059,0.882352941,0,1,0.411764706,4.653495562,7,3,20,0
TH96tFMn8KGiYSLiwcV3E2UiaJc8jmcbz3,Tether,5,34,T,TH,TH9,1,1,1,0.205882353,0.794117647,0,1,0.411764706,4.690116518,2,5,20,0
THh5woR8qfmDsNknQ3agPYzQSiRtMnKsTh,Tether,5,34,T,TH,THh,1,1,1,0.088235294,0.911764706,0,1,0.176470588,4.734521665,1,2,28,0
TLM3zA3EWycoDX4ZX4gKze7sgfbdkntTum,Tether,5,34,T,TL,TLM,1,1,1,0.147058824,0.852941176,0,1,0.382352941,4.734521665,3,5,21,0
TLNRT524dzL5FF1nJHDhYEMFpeWjLjRbz1,Tether,5,34,T,TL,TLN,1,1,1,0.176470588,0.823529412,0,1,0.411764706,4.4548224,5,3,20,2
TM6Kix9wH8cYQ4rLpFifsQ4ddH3rPX3f8p,Tether,5,34,T,TM,TM6,1,1,1,0.235294118,0.764705882,0,1,0.411764706,4.499227547,1,5,20,2
TMGLqRQ4twjW8wJhVH1mQR7nUThpGHUsN3,Tether,5,34,T,TM,TMG,1,1,1,0.147058824,0.852941176,0,1,0.147058824,4.616874606,0,0,29,0
TQ5mpZPbQMSq2s1vSM3RJgiB1AsTsiTpFZ,Tether,5,34,T,TQ,TQ5,1,1,1,0.147058824,0.852941176,0,1,0.264705882,4.395998871,3,1,25,0
TTAHMdqoom4f2VTWniroPWQHcTRZ4caoH4,Tether,5,34,T,TT,TTA,1,1,1,0.117647059,0.882352941,0,1,0.294117647,4.219528282,1,5,24,2
TTgcTTNbNuFdbrhvbjMZVrdU5KALyzDaPw,Tether,5,34,T,TT,TTg,1,1,1,0.029411765,0.970588235,0,1,0.323529412,4.535848503,3,7,23,2
TV5ZTpKDszLTF6XcMnPongS33pwBgF91by,Tether,5,34,T,TV,TV5,1,1,1,0.176470588,0.823529412,0,1,0.352941176,4.653495562,4,2,22,2
TVacWx7F5wgMgn49L5frDf9KLgdYy8nPHL,Tether,5,34,T,TV,TVa,1,1,1,0.205882353,0.794117647,0,1,0.411764706,4.572469459,2,5,20,0
TVn4q7L4fKEPbygi7UHq1CKfZxtbeuMV5q,Tether,5,34,T,TV,TVn,1,1,1,0.176470588,0.823529412,0,1,0.382352941,4.594672032,2,5,21,0
TWBAPzpPiZarfVsY2BLXeaLhNHurn4wkWG,Tether,5,34,T,TW,TWB,1,1,1,0.058823529,0.941176471,0,1,0.264705882,4.734521665,3,4,25,0
TX5GV4DyfxNB3rPkzZJhmqZ1efVmL4rEqG,Tether,5,34,T,TX,TX5,1,1,1,0.147058824,0.852941176,0,1,0.323529412,4.616874606,3,3,23,0
TXEaKf4rT3rMoD3Vuqnuhwr6vLq6BL5t33,Tether,5,34,T,TX,TXE,1,1,1,0.235294118,0.764705882,0,1,0.382352941,4.418201444,3,2,21,2
TXEsK1sEsKjZ1xtHitnyAAoqw3WLdYdRNW,Tether,5,34,T,TX,TXE,1,1,1,0.088235294,0.911764706,0,1,0.264705882,4.535848503,4,2,25,2
123WBUDmSJv4GctdVEz6Qq6z8nXSKrJ4KX,Bitcoin,6,34,1,12,123,1,1,1,0.235294118,0.764705882,0,1,0.382352941,4.675698135,3,2,21,0
125W5ek3DT6Zqy5S2iPt4FHQdNMCbZA3FU,Bitcoin,6,34,1,12,125,1,1,1,0.294117647,0.705882353,0,1,0.529411765,4.712319091,5,3,16,0
1295rkVyNfFpqZpXvKGhDqwhP1jZcNNDMV,Bitcoin,6,34,1,12,129,1,1,1,0.147058824,0.852941176,0,1,0.294117647,4.535848503,3,2,24,2
129zKFLoVad9JtxSmDKeJoLCsjhGR7b3vr,Bitcoin,6,34,1,12,129,1,1,1,0.176470588,0.823529412,0,1,0.382352941,4.793345194,3,4,21,0
12HQDsicffSBaYdJ6BhnE22sfjTESmmzKx,Bitcoin,6,34,1,12,12H,1,1,1,0.147058824,0.852941176,0,1,0.470588235,4.513645929,5,6,18,2
12NpCkhddSNiDkD9rRYUCHsTT9ReMNiJjG,Bitcoin,6,34,1,12,12N,1,1,1,0.117647059,0.882352941,0,1,0.323529412,4.477024974,4,3,23,2
12QtD5BFwRsdNsAZY76UVE1xyCGNTojH9h,Bitcoin,6,34,1,12,12Q,1,1,1,0.205882353,0.794117647,0,1,0.411764706,4.910992253,6,1,20,0
12VrYZgS1nmf9KHHped24xBb1aLLRpV2cT,Bitcoin,6,34,1,12,12V,1,1,1,0.235294118,0.764705882,0,1,0.441176471,4.572469459,1,6,19,2
12YCfVAEzkEZXBYhUTyJJaRkgMXiFxJgcu,Bitcoin,6,34,1,12,12Y,1,1,1,0.058823529,0.941176471,0,1,0.323529412,4.653495562,6,3,23,2
12YyR9EpvHxBjjKjTWqfKqeyoWnvcraxpW,Bitcoin,6,34,1,12,12Y,1,1,1,0.088235294,0.911764706,0,1,0.264705882,4.4548224,2,4,25,2
12jVCWW1ZhTLA5yVnroEJswqKwsfiZKsax,Bitcoin,6,34,1,12,12j,1,1,1,0.117647059,0.882352941,0,1,0.264705882,4.594672032,3,2,25,2
12mNKr2YP4M3CEQvCvVqZsvxuCG47LHMu1,Bitcoin,6,34,1,12,12m,1,1,1,0.235294118,0.764705882,0,1,0.352941176,4.513645929,4,0,22,0
12udabs2TkX7NXCSj6KpqXfakjE52ZPLhz,Bitcoin,6,34,1,12,12u,1,1,1,0.205882353,0.794117647,0,1,0.411764706,4.631292988,2,5,20,0
12w6v1qAaBc4W8h8C2Cu5SKFaKDSv3erUW,Bitcoin,6,34,1,12,12w,1,1,1,0.294117647,0.705882353,0,1,0.588235294,4.558051077,6,4,14,0
134r8iHv69xdT6p5qVKTsHrcUEuBVZAYak,Bitcoin,6,34,1,13,134,1,1,1,0.235294118,0.764705882,0,1,0.411764706,4.793345194,3,3,20,0
13JtX4h7G5ZuNK5mFudKGq9DHLvvMFuNuz,Bitcoin,6,34,1,13,13J,1,1,1,0.205882353,0.794117647,0,1,0.323529412,4.499227547,3,1,23,2
13LQJQ1oJ9K7PsqsGfjNhoVv6UeU6hgzQz,Bitcoin,6,34,1,13,13L,1,1,1,0.205882353,0.794117647,0,1,0.264705882,4.477024974,0,2,25,0
13RH4JaFhaCxDGPyYE9emjp2aDxdX18uBA,Bitcoin,6,34,1,13,13R,1,1,1,0.205882353,0.794117647,0,1,0.558823529,4.771142621,7,5,15,0
13ViCDZyJxxv5cZzpDDsE7aDQ3Y552zpAH,Bitcoin,6,34,1,13,13V,1,1,1,0.235294118,0.764705882,0,1,0.5,4.418201444,7,2,17,2
13YBQr2Cp1YY3xqq2qngaPb7ca1o4ugeq6,Bitcoin,6,34,1,13,13Y,1,1,1,0.294117647,0.705882353,0,1,0.5,4.337175341,2,5,17,2
13f59kUM5FU8MfTG7DCEugYarDhSD7XCoC,Bitcoin,6,34,1,13,13f,1,1,1,0.235294118,0.764705882,0,1,0.558823529,4.513645929,8,3,15,0
13fhnkmpBBWXUQucJd6efWvXdEj78DKavk,Bitcoin,6,34,1,13,13f,1,1,1,0.147058824,0.852941176,0,1,0.470588235,4.675698135,4,7,18,2
13hfsQm6oCaDZehfYBSMFiJVAi1jsL6sQd,Bitcoin,6,34,1,13,13h,1,1,1,0.147058824,0.852941176,0,1,0.441176471,4.594672032,5,5,19,0
13mnk8SvDGqsQTHbiGiHBXqtaQCUKfcsnP,Bitcoin,6,34,1,13,13m,1,1,1,0.088235294,0.911764706,0,1,0.294117647,4.675698135,3,4,24,0
148LKmyZT3FGE4x1GjsFN6RsAwcjzk5iuE,Bitcoin,6,34,1,14,148,1,1,1,0.235294118,0.764705882,0,1,0.411764706,4.675698135,5,1,20,0
149w62rY42aZBox8fGcmqNsXUzSStKeq8C,Bitcoin,6,34,1,14,149,1,1,1,0.264705882,0.735294118,0,1,0.441176471,4.793345194,2,4,19,2
14gM1HuLVDELNHaFU22qpabjtiWek4HhV1,Bitcoin,6,34,1,14,14g,1,1,1,0.205882353,0.794117647,0,1,0.411764706,4.513645929,3,4,20,2
14kqryJUxM3a7aEi117KX9hoLUw592WsMR,Bitcoin,6,34,1,14,14k,1,1,1,0.323529412,0.676470588,0,1,0.411764706,4.653495562,1,2,20,2
14rjAD8ZP5xaL571cMRE98qgxxbg1S8mAN,Bitcoin,6,34,1,14,14r,1,1,1,0.323529412,0.676470588,0,1,0.529411765,4.491443356,4,3,16,2
158treVZBGMBThoaympxccPdZPtqUfYrT9,Bitcoin,6,34,1,15,158,1,1,1,0.117647059,0.882352941,0,1,0.352941176,4.675698135,2,6,22,2
15PggTG7YhJKiE6B16vkKzA1YDTZipXEX4,Bitcoin,6,34,1,15,15P,1,1,1,0.235294118,0.764705882,0,1,0.382352941,4.477024974,5,0,21,2
15Pt4NwZaUmMUwS2bQbyyncc7mzgWShtv8,Bitcoin,6,34,1,15,15P,1,1,1,0.176470588,0.823529412,0,1,0.323529412,4.616874606,0,5,23,2
15UdZbmGPa2LatD3abtGpphgkHLFWftV4R,Bitcoin,6,34,1,15,15U,1,1,1,0.147058824,0.852941176,0,1,0.411764706,4.572469459,2,7,20,2
15YK647qtoZQDzNrvY6HJL6QwXduLHfT28,Bitcoin,6,34,1,15,15Y,1,1,1,0.264705882,0.735294118,0,1,0.352941176,4.712319091,1,2,22,0
15cRqR3TXS1JehBGWERuxFE8NhWZzfoeeU,Bitcoin,6,34,1,15,15c,1,1,1,0.147058824,0.852941176,0,1,0.411764706,4.572469459,4,5,20,2
15kZobLkD6HZgEECtz4oS2Vz21XHTnNfSg,Bitcoin,6,34,1,15,15k,1,1,1,0.205882353,0.794117647,0,1,0.382352941,4.499227547,4,2,21,2
15qyVrZvvVGvB7GWiAZ82TNcZ6QWMKu3kx,Bitcoin,6,34,1,15,15q,1,1,1,0.205882353,0.794117647,0,1,0.294117647,4.631292988,2,1,24,2
15uqdxqNXQwVf5H7yZPz4TmEGeSccCwdor,Bitcoin,6,34,1,15,15u,1,1,1,0.147058824,0.852941176,0,1,0.382352941,4.793345194,2,6,21,2
15yqWQ4sqr7jzCwDtZ3U1KaCa8WMEy7Mm2,Bitcoin,6,34,1,15,15y,1,1,1,0.264705882,0.735294118,0,1,0.441176471,4.616874606,4,2,19,0
16EKTes8ahD8xvwisqjc2xSNLiG3fDHatW,Bitcoin,6,34,1,16,16E,1,1,1,0.176470588,0.823529412,0,1,0.411764706,4.734521665,3,5,20,0
16PhXY3hNNMTo8kpuJx2emh713KbWpkqci,Bitcoin,6,34,1,16,16P,1,1,1,0.235294118,0.764705882,0,1,0.323529412,4.653495562,0,3,23,2
16SPDQFFzgsoNSPiFFTfS8Dw8LLXqia4oc,Bitcoin,6,34,1,16,16S,1,1,1,0.147058824,0.852941176,0,1,0.411764706,4.359377915,6,3,20,2
16ZSAEfYpPCj3D94fsNt2okYj9Ue8mxy6T,Bitcoin,6,34,1,16,16Z,1,1,1,0.264705882,0.735294118,0,1,0.470588235,4.793345194,4,3,18,0
16p2UWTZwXRyK5bTHNVjdDyy1D3EQGsZf2,Bitcoin,6,34,1,16,16p,1,1,1,0.205882353,0.794117647,0,1,0.382352941,4.653495562,3,3,21,2
16tByCYzxuWiN8kF9FrK9jJy6eQYLVkQ1i,Bitcoin,6,34,1,16,16t,1,1,1,0.205882353,0.794117647,0,1,0.352941176,4.558051077,4,1,22,0
16ti2EXaae5izfkUZ1Zc59HMcsdnHpP5QJ,Bitcoin,6,34,1,16,16t,1,1,1,0.235294118,0.764705882,0,1,0.470588235,4.594672032,1,7,18,2
175BUqf8JCU1uoG1iTRKTacDa4uvJDUCw2,Bitcoin,6,34,1,17,175,1,1,1,0.235294118,0.764705882,0,1,0.5,4.4548224,5,4,17,0
17UVSMegvrzfobKC82dHXpZLtLcqzW9stF,Bitcoin,6,34,1,17,17U,1,1,1,0.147058824,0.852941176,0,1,0.352941176,4.910992253,2,5,22,0
17V7THwHMiDJmDwZK4unhE5HgKFJKx7VCe,Bitcoin,6,34,1,17,17V,1,1,1,0.176470588,0.823529412,0,1,0.352941176,4.432619826,5,1,22,0
17a5bpKvEp1j1Trs4qTbcNZrby53JbaS9C,Bitcoin,6,34,1,17,17a,1,1,1,0.264705882,0.735294118,0,1,0.529411765,4.418201444,2,7,16,0
17ezuJoT3XBbdcwFZbkTnrXbup11F4uhiy,Bitcoin,6,34,1,17,17e,1,1,1,0.176470588,0.823529412,0,1,0.441176471,4.491443356,3,6,19,2
17mhyeBX617ABZ1ffThhUTJkHUcMvCkfd5,Bitcoin,6,34,1,17,17m,1,1,1,0.205882353,0.794117647,0,1,0.5,4.373796297,4,6,17,2
182NGZbPJXwg2WDrhrPpR7tpiGQkNPF844,Bitcoin,6,34,1,18,182,1,1,1,0.235294118,0.764705882,0,1,0.323529412,4.535848503,2,1,23,2
18Ke1QWE9nQfXuhJijHggZuPJ5ZYxapoBK,Bitcoin,6,34,1,18,18K,1,1,1,0.147058824,0.852941176,0,1,0.294117647,4.675698135,2,3,24,2
18Qj1THHuETfYhuRDZycXJbWwDMGw73Poa,Bitcoin,6,34,1,18,18Q,1,1,1,0.147058824,0.852941176,0,1,0.352941176,4.734521665,3,4,22,2
18aqbRhHupgvC9K8qEqD78phmTQQWs7B5d,Bitcoin,6,34,1,18,18a,1,1,1,0.235294118,0.764705882,0,1,0.441176471,4.572469459,4,3,19,2
18cFGAdYcvNHkuhXLBE7izQKCyUW8TzCJE,Bitcoin,6,34,1,18,18c,1,1,1,0.117647059,0.882352941,0,1,0.411764706,4.793345194,7,3,20,0
18gaXypKj9M23S2zT9qZfL9iPbLFM372Q5,Bitcoin,6,34,1,18,18g,1,1,1,0.352941176,0.647058824,0,1,0.470588235,4.631292988,1,3,18,0
18uKfaUjgG52rVeXEi3wxnveww7zZuECtE,Bitcoin,6,34,1,18,18u,1,1,1,0.176470588,0.823529412,0,1,0.411764706,4.690116518,4,4,20,2
18yWCu6agTxYqAerMxiz9sgHrK3ViezzGa,Bitcoin,6,34,1,18,18y,1,1,1,0.147058824,0.852941176,0,1,0.323529412,4.594672032,2,4,23,2
194xmrZA53UBsZau2PnJLdmVVW9m5feeS,Bitcoin,6,33,1,19,194,1,1,1,0.242424242,0.757575758,0,1,0.454545455,4.597276316,2,5,18,2
1986rYHckYbJpGQJy6ornuMyD2N5MTqwDt,Bitcoin,6,34,1,19,198,1,1,1,0.205882353,0.794117647,0,1,0.323529412,4.675698135,2,2,23,0
19D1iGzDr7FyAdiy3ZZdxMd6ttHj1kj6WW,Bitcoin,6,34,1,19,19D,1,1,1,0.235294118,0.764705882,0,1,0.441176471,4.337175341,4,3,19,2
19D8PHBjZH29uS1uPZ4m3sVyqqfF8UFG9o,Bitcoin,6,34,1,19,19D,1,1,1,0.294117647,0.705882353,0,1,0.441176471,4.477024974,4,1,19,2
19FQzHibWDhSP8pKmJS3uagFYoisXtehzw,Bitcoin,6,34,1,19,19F,1,1,1,0.117647059,0.882352941,0,1,0.294117647,4.793345194,3,3,24,0
19GrL5jnUkGmHXVcraB1Etv5rXCANeLWpq,Bitcoin,6,34,1,19,19G,1,1,1,0.147058824,0.852941176,0,1,0.352941176,4.653495562,4,3,22,0
19pPbUDvoSBZafkUCYkD2Z9AkuqqV6sWm7,Bitcoin,6,34,1,19,19p,1,1,1,0.176470588,0.823529412,0,1,0.411764706,4.653495562,5,3,20,2
1A3iYY4c3dkgNYGewzYzr7EsqfBuWXibGo,Bitcoin,6,34,1,1A,1A3,1,1,1,0.147058824,0.852941176,0,1,0.382352941,4.616874606,3,5,21,2
1A7SKE2dQtezLktCY8peLsdAtkqxV9r1dC,Bitcoin,6,34,1,1A,1A7,1,1,1,0.176470588,0.823529412,0,1,0.470588235,4.4548224,5,5,18,0
1ANpca7g93BwptUJg1zV116v49zn9gjDi3,Bitcoin,6,34,1,1A,1AN,1,1,1,0.352941176,0.647058824,0,1,0.5,4.395998871,3,2,17,2
1AXUTu9y3H8w4wYx4BjyFWgRhZKDhmcMrn,Bitcoin,6,34,1,1A,1AX,1,1,1,0.176470588,0.823529412,0,1,0.323529412,4.852168724,4,1,23,0
1AeSq93WDNdLoEJ92sex7T8xQZoYYm8BtS,Bitcoin,6,34,1,1A,1Ae,1,1,1,0.235294118,0.764705882,0,1,0.441176471,4.675698135,4,3,19,2
1AjZPMsnmpdK2Rv9KQNfMurTXinscVro9V,Bitcoin,6,34,1,1A,1Aj,1,1,1,0.117647059,0.882352941,0,1,0.235294118,4.675698135,1,3,26,0
1AoxtfiBQ22DvbhqAN9Ctb8sULMRhrdwTr,Bitcoin,6,34,1,1A,1Ao,1,1,1,0.147058824,0.852941176,0,1,0.411764706,4.734521665,5,4,20,2
1B11Ezqg3AXjFhMdRq5UpPDpNyriYNVtkn,Bitcoin,6,34,1,1B,1B1,1,1,1,0.147058824,0.852941176,0,1,0.323529412,4.771142621,5,1,23,2
1B3u21itzjgKtm7QsNQNCBpSkwzzeDHqrW,Bitcoin,6,34,1,1B,1B3,1,1,1,0.147058824,0.852941176,0,1,0.294117647,4.653495562,4,1,24,2
1B64QRxfaa35MVkf7sDjuGUYAP5izQt7Qi,Bitcoin,6,34,1,1B,1B6,1,1,1,0.235294118,0.764705882,0,1,0.441176471,4.653495562,3,4,19,2
1BCWMwpR4M1nYUuuYe2bmzrNuwGoF9ZAbA,Bitcoin,6,34,1,1B,1BC,1,1,1,0.147058824,0.852941176,0,1,0.382352941,4.594672032,5,3,21,2
1BiUFjzH6wsT73U3tfy4aXHCQsYQHzjk5h,Bitcoin,6,34,1,1B,1Bi,1,1,1,0.205882353,0.794117647,0,1,0.352941176,4.594672032,3,2,22,0
1BvJRBRp9ZZ6zLyuZaZsV7g3xP6JokdZQW,Bitcoin,6,34,1,1B,1Bv,1,1,1,0.176470588,0.823529412,0,1,0.294117647,4.51070871,2,2,24,2
1C7RpJNE19HgefzWVCSaUqRTHAwGAFkbYV,Bitcoin,6,34,1,1C,1C7,1,1,1,0.117647059,0.882352941,0,1,0.411764706,4.734521665,6,4,20,0
1CF46Rfbp97absrs7zb7dFfZS6qBXUm9EP,Bitcoin,6,34,1,1C,1CF,1,1,1,0.264705882,0.735294118,0,1,0.617647059,4.513645929,5,7,13,0
1CG1aSCxUnbmv9G34ofxTQoHtuVnMLJtQV,Bitcoin,6,34,1,1C,1CG,1,1,1,0.147058824,0.852941176,0,1,0.294117647,4.558051077,2,3,24,0
1CNbhgxGRZvsWnEHotfXge7k2E1UPzBDC7,Bitcoin,6,34,1,1C,1CN,1,1,1,0.147058824,0.852941176,0,1,0.411764706,4.793345194,6,3,20,0
1CPJak9ZyddbawMGJPyEhCiJLXXb4sYv8N,Bitcoin,6,34,1,1C,1CP,1,1,1,0.117647059,0.882352941,0,1,0.382352941,4.535848503,3,6,21,2
1CddRqw7oSPrT4tt5oXKyx2LiHJDPszy7y,Bitcoin,6,34,1,1C,1Cd,1,1,1,0.176470588,0.823529412,0,1,0.294117647,4.653495562,2,2,24,2
1D1ej7zQzywWBDNXKNYpmH7Hso2U9koDG4,Bitcoin,6,34,1,1D,1D1,1,1,1,0.205882353,0.794117647,0,1,0.352941176,4.594672032,4,1,22,0
1D3GuaS9eqKw8dWj9JFQtNufdRtysjSLxZ,Bitcoin,6,34,1,1D,1D3,1,1,1,0.147058824,0.852941176,0,1,0.352941176,4.734521665,2,5,22,0
1D6gG9iKEhPitTcWRJiniuj1jYM2hNeAfJ,Bitcoin,6,34,1,1D,1D6,1,1,1,0.147058824,0.852941176,0,1,0.323529412,4.616874606,3,3,23,0
1DDA93oZPn7wte2eR1ABwcFoxUFxkKMwCf,Bitcoin,6,34,1,1D,1DD,1,1,1,0.176470588,0.823529412,0,1,0.529411765,4.535848503,8,4,16,2
1DGsY4ww3BJnWXTsnmTgWa6UWdoRXgA1pX,Bitcoin,6,34,1,1D,1DG,1,1,1,0.147058824,0.852941176,0,1,0.294117647,4.4548224,3,2,24,2
1DH2xDH7TngrDU6LXciprKCBKNcPA1xX8A,Bitcoin,6,34,1,1D,1DH,1,1,1,0.176470588,0.823529412,0,1,0.441176471,4.477024974,7,2,19,0
1DJoEMvp95yJYWyxAZy8DDBzuvjnrTVrsN,Bitcoin,6,34,1,1D,1DJ,1,1,1,0.117647059,0.882352941,0,1,0.294117647,4.631292988,6,0,24,2
1DJoVLgn1foJHHngduRPJvRbwpaFEKxvxd,Bitcoin,6,34,1,1D,1DJ,1,1,1,0.058823529,0.941176471,0,1,0.294117647,4.418201444,3,5,24,2
1DKGRGJXGNLAtTeFb9SNPNHtrkZ87q7qKi,Bitcoin,6,34,1,1D,1DK,1,1,1,0.147058824,0.852941176,0,1,0.294117647,4.572469459,3,2,24,0
1DT3tenf14cxz9WFNxmYrXFbB6TFiVWA9U,Bitcoin,6,34,1,1D,1DT,1,1,1,0.205882353,0.794117647,0,1,0.5,4.653495562,6,4,17,0
1DYFJ6CuBvrxyoQSuBzVsNcetY9tvdsrag,Bitcoin,6,34,1,1D,1DY,1,1,1,0.088235294,0.911764706,0,1,0.352941176,4.675698135,5,4,22,0
1DbShx4r8i2XesthoDBf5EkYWz5dsKEusV,Bitcoin,6,34,1,1D,1Db,1,1,1,0.176470588,0.823529412,0,1,0.441176471,4.712319091,5,4,19,0
1DbvK8P6imBuLcwh2Vruis4xsUb8YAwJQF,Bitcoin,6,34,1,1D,1Db,1,1,1,0.176470588,0.823529412,0,1,0.382352941,4.734521665,4,3,21,0
1Df883c96LVauVsx9FEgnsourD8DELwCUQ,Bitcoin,6,34,1,1D,1Df,1,1,1,0.235294118,0.764705882,0,1,0.529411765,4.4548224,7,3,16,2
1Dpddb1TMjvmNQeYDqgyd1ww6cmwPJRdSk,Bitcoin,6,34,1,1D,1Dp,1,1,1,0.117647059,0.882352941,0,1,0.382352941,4.4548224,2,7,21,2
1DtGgdCi9VPKz2Bpq8GQhUQEPnQ5HwaT9n,Bitcoin,6,34,1,1D,1Dt,1,1,1,0.176470588,0.823529412,0,1,0.352941176,4.712319091,4,2,22,0
1E9uUnLbyfToazo95vmM3ysYnzgkrL7GeC,Bitcoin,6,34,1,1E,1.00E+09,1,1,1,0.176470588,0.823529412,0,1,0.352941176,4.734521665,2,4,22,0
1ECeZBxCVJ8Wm2JSN3Cyc6rge2gnvD3W5K,Bitcoin,6,34,1,1E,1EC,1,1,1,0.235294118,0.764705882,0,1,0.5,4.594672032,6,3,17,0
1EYitrwBYNWuTBcjZFbEUdqHppe2raLpaF,Bitcoin,6,34,1,1E,1EY,1,1,1,0.058823529,0.941176471,0,1,0.411764706,4.594672032,6,6,20,2
1Edue8XZCWNoDBNZgnQkCCivDyr9GEo4x6,Bitcoin,6,34,1,1E,1Ed,1,1,1,0.147058824,0.852941176,0,1,0.441176471,4.653495562,8,2,19,2
1EfMVkxQQuZfBdocpJu6RUsCJvenQWbQyE,Bitcoin,6,34,1,1E,1Ef,1,1,1,0.058823529,0.941176471,0,1,0.352941176,4.616874606,4,6,22,2
1EpMiZkQVekM5ij12nMiEwttFPcDK9XhX6,Bitcoin,6,34,1,1E,1Ep,1,1,1,0.176470588,0.823529412,0,1,0.352941176,4.513645929,4,2,22,2
1EtMuBPQnPCa3cecerdSH1SzydxnhbTmw,Bitcoin,6,33,1,1E,1Et,1,1,1,0.090909091,0.909090909,0,1,0.424242424,4.620151695,3,8,19,0
1EuUMPBCZtSd5pVVFEqmRqUSfU1qy6ASuL,Bitcoin,6,34,1,1E,1Eu,1,1,1,0.117647059,0.882352941,0,1,0.352941176,4.432619826,6,2,22,2
1EvhBad5wCZYhBoAsGaciV6AvmZ1osLpeJ,Bitcoin,6,34,1,1E,1Ev,1,1,1,0.117647059,0.882352941,0,1,0.441176471,4.558051077,6,5,19,0
1F2Gdug9ib9NQMhKMGGJczzMk5SuENoqrp,Bitcoin,6,34,1,1F,1F2,1,1,1,0.147058824,0.852941176,0,1,0.294117647,4.572469459,2,3,24,2
1F317n2eJEMaEMGiwCqtd5XCU3wF7jzPEW,Bitcoin,6,34,1,1F,1F3,1,1,1,0.235294118,0.764705882,0,1,0.529411765,4.535848503,7,3,16,0
1F7UL41qYm6TvnExZzPHBCyeENvX3XDEMS,Bitcoin,6,34,1,1F,1F7,1,1,1,0.176470588,0.823529412,0,1,0.411764706,4.771142621,7,1,20,0
1FCNgfZWpYMeYhy9t18AAkTBu8AsdoAc1Z,Bitcoin,6,34,1,1F,1FC,1,1,1,0.176470588,0.823529412,0,1,0.5,4.535848503,7,4,17,2
1FE2cuvkq8n5VGwj5hi8YYQxskwJpovPyV,Bitcoin,6,34,1,1F,1FE,1,1,1,0.176470588,0.823529412,0,1,0.264705882,4.675698135,2,1,25,2
1FFS6pX1TCKTNy668Mbk2Lyoem1qB48kYX,Bitcoin,6,34,1,1F,1FF,1,1,1,0.294117647,0.705882353,0,1,0.470588235,4.4548224,4,2,18,2
1FRyL9gmFGbzfYDAB4iY9836DJe3KSnjP9,Bitcoin,6,34,1,1F,1FR,1,1,1,0.264705882,0.735294118,0,1,0.529411765,4.712319091,6,3,16,0
1FjubFHV4mpYjBmvjsEhZssyiiA4TNmnm2,Bitcoin,6,34,1,1F,1Fj,1,1,1,0.117647059,0.882352941,0,1,0.294117647,4.395998871,5,1,24,2
1Fz29BQp82pE3vXXcsZoMNQ3KSHfMzfMe3,Bitcoin,6,34,1,1F,1Fz,1,1,1,0.235294118,0.764705882,0,1,0.441176471,4.4548224,3,4,19,2
1G64TFMFVJTjhJXra6x74BBhsfSyiWaFtT,Bitcoin,6,34,1,1G,1G6,1,1,1,0.176470588,0.823529412,0,1,0.411764706,4.4548224,5,3,20,2
1G6DuwDKNHiUWqks2Lgu44cesu7ffFbLK7,Bitcoin,6,34,1,1G,1G6,1,1,1,0.205882353,0.794117647,0,1,0.441176471,4.535848503,3,5,19,2
1G9A8WRjGXdnYY4TNEVRrcaHsMtana4ncF,Bitcoin,6,34,1,1G,1G9,1,1,1,0.147058824,0.852941176,0,1,0.411764706,4.513645929,3,6,20,2
1G9CKRHA3mx22DoT1QyNYrh85VSQ19Y1em,Bitcoin,6,34,1,1G,1G9,1,1,1,0.323529412,0.676470588,0,1,0.441176471,4.558051077,3,1,19,2
1GYuu9d5HPikafbys3k5Q3DRJq6debGsoB,Bitcoin,6,34,1,1G,1GY,1,1,1,0.205882353,0.794117647,0,1,0.470588235,4.616874606,2,7,18,2
1GcKLUUXodTQcLcPD7VLMgvCc4hs5Q775,Bitcoin,6,33,1,1G,1Gc,1,1,1,0.212121212,0.787878788,0,1,0.424242424,4.331976695,2,5,19,2
1Ge8JodC2HiBiEuT7D3MoH6Fak6XrcT9Kf,Bitcoin,6,34,1,1G,1Ge,1,1,1,0.235294118,0.764705882,0,1,0.529411765,4.793345194,5,5,16,0
1Gekw8ACSs37oXcc5XQHvoux3iKoVFtpF4,Bitcoin,6,34,1,1G,1Ge,1,1,1,0.205882353,0.794117647,0,1,0.411764706,4.712319091,4,3,20,2
1GkLN7DbA9mAtHNzQWNPANcdWbefaz4Gzm,Bitcoin,6,34,1,1G,1Gk,1,1,1,0.117647059,0.882352941,0,1,0.441176471,4.337175341,4,7,19,0
1GnFTy5F9qi5MfaRZfgdg2jkyT5xtAHvd8,Bitcoin,6,34,1,1G,1Gn,1,1,1,0.205882353,0.794117647,0,1,0.441176471,4.594672032,3,5,19,0
1GqChmWqGtsaLrGbHfgdrV5Nkvahtjjuxr,Bitcoin,6,34,1,1G,1Gq,1,1,1,0.058823529,0.941176471,0,1,0.235294118,4.513645929,1,5,26,2
1H8sDTTgJPBKw83EBZDLhXvetCbxZUMMZM,Bitcoin,6,34,1,1H,1H8,1,1,1,0.117647059,0.882352941,0,1,0.352941176,4.572469459,6,2,22,2
1H939dom7i4WDLCKyGbXUp3fs9CSTNRzgL,Bitcoin,6,34,1,1H,1H9,1,1,1,0.235294118,0.764705882,0,1,0.411764706,4.771142621,3,3,20,0
1HH8eiuaTMucTNyvGCUmAvmCZCtdMi8SqK,Bitcoin,6,34,1,1H,1HH,1,1,1,0.088235294,0.911764706,0,1,0.323529412,4.477024974,4,4,23,2
1Hhe61Bwxs8Hd2WxzWY9FQyZicBiZGeSNW,Bitcoin,6,34,1,1H,1Hh,1,1,1,0.176470588,0.823529412,0,1,0.382352941,4.535848503,3,4,21,0
1Hn9ErTCPRP6j5UDBeuXPGuq5RtRjFJxJQ,Bitcoin,6,34,1,1H,1Hn,1,1,1,0.147058824,0.852941176,0,1,0.323529412,4.572469459,5,1,23,0
1Hpj6qm9i7nMF3VkKfBFtjhEDpEjxHWvgv,Bitcoin,6,34,1,1H,1Hp,1,1,1,0.147058824,0.852941176,0,1,0.352941176,4.653495562,6,1,22,0
1HuYfoEwsfHgZiRhbhJrCd5ST3iksa8KEx,Bitcoin,6,34,1,1H,1Hu,1,1,1,0.117647059,0.882352941,0,1,0.352941176,4.734521665,3,5,22,0
1J378PbmTKn2sEw6NBrSWVfjZLBZW3DZem,Bitcoin,6,34,1,1J,1J3,1,1,1,0.205882353,0.794117647,0,1,0.411764706,4.712319091,4,3,20,0
1J6cgUVEZRKyJhpXJgHWX7YmzkdnHRaLhF,Bitcoin,6,34,1,1J,1J6,1,1,1,0.088235294,0.911764706,0,1,0.235294118,4.653495562,2,3,26,0
1J9oGoAiHeRfeMZeUnJ9W7RpV55CdKtgYE,Bitcoin,6,34,1,1J,1J9,1,1,1,0.176470588,0.823529412,0,1,0.411764706,4.653495562,3,5,20,2
1J9wJH2bamZVxscXAvoDH4jvtGKb7sYFDm,Bitcoin,6,34,1,1J,1J9,1,1,1,0.147058824,0.852941176,0,1,0.382352941,4.675698135,4,4,21,0
1JHdQHkBZiim1cb4hyUh2PbzEbbg6z2TrF,Bitcoin,6,34,1,1J,1JH,1,1,1,0.176470588,0.823529412,0,1,0.441176471,4.499227547,3,6,19,2
1JPfVv5cWRLx1js9NWxg46dG2CGbeRz4th,Bitcoin,6,34,1,1J,1JP,1,1,1,0.235294118,0.764705882,0,1,0.411764706,4.734521665,1,5,20,0
1JREJdZupiFhE7ZzQPtASuMCvvpXC7wRsC,Bitcoin,6,34,1,1J,1JR,1,1,1,0.088235294,0.911764706,0,1,0.323529412,4.477024974,7,1,23,2
1Js6goCey2NaqPQptiLANLQGuk4d6mowjP,Bitcoin,6,34,1,1J,1Js,1,1,1,0.147058824,0.852941176,0,1,0.294117647,4.734521665,2,3,24,0
1Juv2Ks3jJFUes8jEGxwgt6T6csBRQmmRw,Bitcoin,6,34,1,1J,1Ju,1,1,1,0.176470588,0.823529412,0,1,0.323529412,4.594672032,3,2,23,2
1K2fmE9hfhbRNSZoBvCBWZAvsS5idTUxBG,Bitcoin,6,34,1,1K,1K2,1,1,1,0.117647059,0.882352941,0,1,0.411764706,4.653495562,6,4,20,0
1KSAbh5trMCTZwhiNsuUQvfTtSSTT8zqRk,Bitcoin,6,34,1,1K,1KS,1,1,1,0.088235294,0.911764706,0,1,0.205882353,4.594672032,2,2,27,2
1KUUJPkyDhamZXgpsyXqNGc3x1QPXtdhgz,Bitcoin,6,34,1,1K,1KU,1,1,1,0.088235294,0.911764706,0,1,0.205882353,4.594672032,1,3,27,2
1Kc6egXevyLEaeTxLFA1Zyw7GuhCN8jQtt,Bitcoin,6,34,1,1K,1Kc,1,1,1,0.147058824,0.852941176,0,1,0.411764706,4.712319091,4,5,20,2
1KctQENEX5QkQMpnMC3Zh9yRAzkMBLpPcr,Bitcoin,6,34,1,1K,1Kc,1,1,1,0.117647059,0.882352941,0,1,0.323529412,4.572469459,5,2,23,0
1KgudqxMfYaGzqAA7MS4DcsqejtMteqhix,Bitcoin,6,34,1,1K,1Kg,1,1,1,0.088235294,0.911764706,0,1,0.352941176,4.477024974,3,6,22,2
1KkaKujnqwJf7Cbm7JKAZGF3X9d4685m8n,Bitcoin,6,34,1,1K,1Kk,1,1,1,0.294117647,0.705882353,0,1,0.5,4.653495562,3,4,17,0
1Kuf2Rd8mDyAViwBozGTNYnvWL8uYFrkVo,Bitcoin,6,34,1,1K,1Ku,1,1,1,0.117647059,0.882352941,0,1,0.294117647,4.793345194,4,2,24,0
1Kys8fqDen8NGFUJ6AFcXfFW5qquuTH4eh,Bitcoin,6,34,1,1K,1Ky,1,1,1,0.176470588,0.823529412,0,1,0.470588235,4.572469459,5,5,18,2
1L4ncif9hh9TnUveqWq77HfWWt6CJWtrnb,Bitcoin,6,34,1,1L,1L4,1,1,1,0.205882353,0.794117647,0,1,0.382352941,4.359377915,1,5,21,2
1LAh7PQwpd1uGiLHae5C5Xz9QXse3y2phq,Bitcoin,6,34,1,1L,1LA,1,1,1,0.235294118,0.764705882,0,1,0.411764706,4.616874606,2,4,20,0
1LBQd4ZxtQYYsDWrCzK4uMxHBJVxmyzs3M,Bitcoin,6,34,1,1L,1LB,1,1,1,0.117647059,0.882352941,0,1,0.264705882,4.535848503,4,1,25,2
1LKE3XA9bf5JFqtGtCHzWj5QGxKGwMfXZw,Bitcoin,6,34,1,1L,1LK,1,1,1,0.147058824,0.852941176,0,1,0.352941176,4.594672032,4,3,22,0
1LQV6yUBcfTjAWvFu3XPhdTgjqihss7i1z,Bitcoin,6,34,1,1L,1LQ,1,1,1,0.147058824,0.852941176,0,1,0.323529412,4.734521665,3,3,23,2
1LiNmTUPSJEd92ZgVJjAV3RT9BzUjvUCkx,Bitcoin,6,34,1,1L,1Li,1,1,1,0.147058824,0.852941176,0,1,0.294117647,4.653495562,4,1,24,0
1Licqjca74n8pmNaoARXLLqcTUTHFpxbXH,Bitcoin,6,34,1,1L,1Li,1,1,1,0.117647059,0.882352941,0,1,0.352941176,4.4548224,2,6,22,2
1Ljk8RNNabkZ9bfDYQBn98XfFozJhTjqcZ,Bitcoin,6,34,1,1L,1Lj,1,1,1,0.147058824,0.852941176,0,1,0.411764706,4.616874606,3,6,20,2
1LpYKb3SXZPve9hsH2QEJZFX279wJVGowi,Bitcoin,6,34,1,1L,1Lp,1,1,1,0.205882353,0.794117647,0,1,0.323529412,4.734521665,2,2,23,0
1LrxsRd7zNuxPJcL5rttnoeJFy1y4AffYY,Bitcoin,6,34,1,1L,1Lr,1,1,1,0.147058824,0.852941176,0,1,0.352941176,4.558051077,2,5,22,2
1LuDiMd95Df4i2bcvrfw47t2GKpLLXAQMZ,Bitcoin,6,34,1,1L,1Lu,1,1,1,0.235294118,0.764705882,0,1,0.470588235,4.594672032,3,5,18,2
1M5N4sJ1NHb4fviLVZA5MZLKhLZqU4CPZz,Bitcoin,6,34,1,1M,1M5,1,1,1,0.205882353,0.794117647,0,1,0.323529412,4.337175341,2,2,23,0
1MLPqwaFFUBZePTjpR3nxRoK19Cv9mPCc7,Bitcoin,6,34,1,1M,1ML,1,1,1,0.176470588,0.823529412,0,1,0.411764706,4.653495562,5,3,20,2
1MQBDeRWsiJBf7K1VGjJ7PWEL6GJXMfmLg,Bitcoin,6,34,1,1M,1MQ,1,1,1,0.147058824,0.852941176,0,1,0.352941176,4.477024974,4,3,22,0
1MbtT2ZsTtLp7EKZUV9r74cTyqvsMtTP2M,Bitcoin,6,34,1,1M,1Mb,1,1,1,0.205882353,0.794117647,0,1,0.294117647,4.337175341,1,2,24,0
1MiQRekg4BatJ12qbiSGnNakLLd8xbLMCG,Bitcoin,6,34,1,1M,1Mi,1,1,1,0.147058824,0.852941176,0,1,0.382352941,4.535848503,2,6,21,2
1MkCnCa9agS5t6V1B15bzusBgYECB4LfWp,Bitcoin,6,34,1,1M,1Mk,1,1,1,0.235294118,0.764705882,0,1,0.558823529,4.491443356,7,4,15,0
1MnbhWe5wr7Ut45ReyQsm96PwnM9jD7KaH,Bitcoin,6,34,1,1M,1Mn,1,1,1,0.264705882,0.735294118,0,1,0.411764706,4.675698135,1,4,20,0
1MtsQsw6n2jvJCWhpCw7jifTfD9Q3rBBVg,Bitcoin,6,34,1,1M,1Mt,1,1,1,0.176470588,0.823529412,0,1,0.382352941,4.675698135,5,2,21,2
1N6XqSf3ULpNjko9LrJmHudRoLitjwkETN,Bitcoin,6,34,1,1N,1N6,1,1,1,0.117647059,0.882352941,0,1,0.205882353,4.631292988,1,2,27,0
1NE2NiGhhbkFPSEyNWwj7hKGhGDedBtSrQ,Bitcoin,6,34,1,1N,1NE,1,1,1,0.088235294,0.911764706,0,1,0.323529412,4.4548224,5,3,23,2
1NaRX1GZgtZ7E8iXo8YUdTtnb8rAK5QFJa,Bitcoin,6,34,1,1N,1Na,1,1,1,0.205882353,0.794117647,0,1,0.411764706,4.653495562,3,4,20,0
1NayLEVF3bEEbDtdF2Cwso1VdEtvVNh2qX,Bitcoin,6,34,1,1N,1Na,1,1,1,0.147058824,0.852941176,0,1,0.529411765,4.300554385,8,5,16,2
1NbGwQwt4uEhg2srAKppLf8QaF6fbp3PZG,Bitcoin,6,34,1,1N,1Nb,1,1,1,0.176470588,0.823529412,0,1,0.411764706,4.653495562,3,5,20,2
1NpHuti9NSM9fVTXLkvSDU4AnhqGQ5N53d,Bitcoin,6,34,1,1N,1Np,1,1,1,0.205882353,0.794117647,0,1,0.323529412,4.771142621,2,2,23,0
1NuBZQXJPyYQGfoBib8wWBDpZmbtkJa5Ba,Bitcoin,6,34,1,1N,1Nu,1,1,1,0.088235294,0.911764706,0,1,0.382352941,4.558051077,5,5,21,0
1NvJm3jfZxENNyqws5BKQvhkLxg9chLJdo,Bitcoin,6,34,1,1N,1Nv,1,1,1,0.117647059,0.882352941,0,1,0.264705882,4.653495562,2,3,25,2
1P3ZfGFLezzYGg9k5SVzQmnjyh7nrUmF2y,Bitcoin,6,34,1,1P,1P3,1,1,1,0.176470588,0.823529412,0,1,0.294117647,4.653495562,2,2,24,2
1PJp8diNa89cVHpiT1VPu7EQ8LxYM5HX6v,Bitcoin,6,34,1,1P,1PJ,1,1,1,0.264705882,0.735294118,0,1,0.382352941,4.594672032,1,3,21,0
1PWRKxkR5AU7Tc9zPqjdhtu1eGW1QZzs4y,Bitcoin,6,34,1,1P,1PW,1,1,1,0.205882353,0.794117647,0,1,0.323529412,4.712319091,1,3,23,0
1PXxwPVtYxZiCRp9LKq7aKMDFrhAQztvUE,Bitcoin,6,34,1,1P,1PX,1,1,1,0.088235294,0.911764706,0,1,0.264705882,4.852168724,5,1,25,0
1PYtgFS2t6i57WdDvbRa7kPcsagGMBxzfg,Bitcoin,6,34,1,1P,1PY,1,1,1,0.176470588,0.823529412,0,1,0.441176471,4.712319091,3,6,19,0
1PfwHNxUnkpfkK9MKjMqzR3Xq3KCtq9u17,Bitcoin,6,34,1,1P,1Pf,1,1,1,0.205882353,0.794117647,0,1,0.294117647,4.4548224,1,2,24,0
1PhqQpaGCrqSxQ6QDXcv14QCd1U98Zp34E,Bitcoin,6,34,1,1P,1Ph,1,1,1,0.264705882,0.735294118,0,1,0.470588235,4.477024974,4,3,18,0
1Pu1nAW7kCoSMThMs8QcpM8JxuByQDZgH,Bitcoin,6,33,1,1P,1Pu,1,1,1,0.151515152,0.848484848,0,1,0.303030303,4.657882377,4,1,23,0
1Q4tJjH2aBr3AJrzxqa4Z3jPpf5SDgF4jK,Bitcoin,6,34,1,1Q,1Q4,1,1,1,0.235294118,0.764705882,0,1,0.441176471,4.572469459,4,3,19,0
1Q6saNmqKkyFB9mFR68Ck8F7Dp7dTopF2W,Bitcoin,6,34,1,1Q,1Q6,1,1,1,0.264705882,0.735294118,0,1,0.529411765,4.499227547,7,2,16,0
1Q9UAQbcDezmyouFrzt94t4dSMxgsUfW1X,Bitcoin,6,34,1,1Q,1Q9,1,1,1,0.176470588,0.823529412,0,1,0.411764706,4.675698135,3,5,20,0
1QHxyuLGRMHfbNPJikV4Dwhfx45HWfUMWB,Bitcoin,6,34,1,1Q,1QH,1,1,1,0.117647059,0.882352941,0,1,0.294117647,4.572469459,2,4,24,0
1QJUiNsNfji6mR1FjAwf6Eg9NxxHPoxpWL,Bitcoin,6,34,1,1Q,1QJ,1,1,1,0.147058824,0.852941176,0,1,0.294117647,4.513645929,3,2,24,2
1Sf6e4xQv8muMZqYPTdRFf3e5o5eWcg9F,Bitcoin,6,33,1,1S,1Sf,1,1,1,0.242424242,0.757575758,0,1,0.515151515,4.718488437,2,7,16,0
1r6S9vpUZPS5rb6gSdwV2bvSFcN3uSq4q,Bitcoin,6,33,1,1r,1r6,1,1,1,0.242424242,0.757575758,0,1,0.393939394,4.389556529,1,4,20,0
31nadacWrgPeAQxKRMabhn3fPhnhi3hjKa,Bitcoin,6,34,3,31,31n,1,1,1,0.117647059,0.882352941,0,1,0.411764706,4.219528282,1,9,20,0
31p6woV4e55HUfC2aGynFhzQnGoJFW26cD,Bitcoin,6,34,3,31,31p,1,1,1,0.264705882,0.735294118,0,1,0.5,4.675698135,4,4,17,2
31t4nEpcwyQJT1VuXdAoQZTT5givRDPsNP,Bitcoin,6,34,3,31,31t,1,1,1,0.147058824,0.852941176,0,1,0.294117647,4.771142621,3,2,24,2
32DaxSzUhLBHY2WGSWQYiBSHnRsfQZrrRp,Bitcoin,6,34,3,32,32D,1,1,1,0.088235294,0.911764706,0,1,0.235294118,4.477024974,3,2,26,2
32PsiT8itBrEF84ebdaF82yBUEcz5Wc6uY,Bitcoin,6,34,3,32,32P,1,1,1,0.264705882,0.735294118,0,1,0.617647059,4.594672032,6,6,13,0
32VgTk8kGvBsqkHhkvtNooGdtqZm46jTVo,Bitcoin,6,34,3,32,32V,1,1,1,0.147058824,0.852941176,0,1,0.205882353,4.359377915,1,1,27,2
32fbAZMTaQxNd2fAue1PgsiPgWfcsHBQQt,Bitcoin,6,34,3,32,32f,1,1,1,0.117647059,0.882352941,0,1,0.441176471,4.513645929,3,8,19,2
32jgFkZsTEjMFaBvxJnYvJEeTNKTmq5b32,Bitcoin,6,34,3,32,32j,1,1,1,0.147058824,0.852941176,0,1,0.382352941,4.535848503,5,3,21,0
32pCmCWEjwhkLwh5BgLNAeBQFp5Gi1hv81,Bitcoin,6,34,3,32,32p,1,1,1,0.205882353,0.794117647,0,1,0.441176471,4.535848503,7,1,19,0
32pTjxTNi7snk8sodrgfmdKao3DEn1nVJM,Bitcoin,6,34,3,32,32p,1,1,1,0.176470588,0.823529412,0,1,0.352941176,4.653495562,2,4,22,0
32wdqwX3zCEX3DhAVEcKwXCEGdzgBnx1R9,Bitcoin,6,34,3,32,32w,1,1,1,0.176470588,0.823529412,0,1,0.5,4.351593723,8,3,17,0
331TS6DyASY7iU5CRA8UryBnkPS78fP2B1,Bitcoin,6,34,3,33,331,1,1,1,0.323529412,0.676470588,0,1,0.529411765,4.418201444,6,1,16,2
33KKjn4exdBJQkTtdWxqpdVsWxrw3LareG,Bitcoin,6,34,3,33,33K,1,1,1,0.117647059,0.882352941,0,1,0.323529412,4.432619826,1,6,23,2
33Kja69SQVc8kozpoP7Qw6HFtGxHkiWzTz,Bitcoin,6,34,3,33,33K,1,1,1,0.205882353,0.794117647,0,1,0.294117647,4.594672032,1,2,24,2
33fWcMdmsB2Ey4CEbVWbjGFkuevBSyP9nG,Bitcoin,6,34,3,33,33f,1,1,1,0.147058824,0.852941176,0,1,0.5,4.675698135,6,6,17,2
33xWfziVZesgo83U5izdNCBVTnrtBpSwK7,Bitcoin,6,34,3,33,33x,1,1,1,0.176470588,0.823529412,0,1,0.352941176,4.712319091,3,3,22,2
343w3Xh64q5UpgpvAPqmsUzxrknde8PQHb,Bitcoin,6,34,3,34,343,1,1,1,0.235294118,0.764705882,0,1,0.352941176,4.653495562,1,3,22,0
347QFbejDBdMZFTxpmn6evvvqyXiqZTCd7,Bitcoin,6,34,3,34,347,1,1,1,0.147058824,0.852941176,0,1,0.441176471,4.535848503,5,5,19,3
34ETiHfQWEYFCCaXmEeQWVmhFH5vz2JMvd,Bitcoin,6,34,3,34,34E,1,1,1,0.117647059,0.882352941,0,1,0.441176471,4.535848503,7,4,19,2
34WWXwFKAsXL9zYxbeNPaPV6vDamkjQLUo,Bitcoin,6,34,3,34,34W,1,1,1,0.117647059,0.882352941,0,1,0.323529412,4.793345194,3,4,23,2
34dxZvijpBM1YkPybczbQ7DuGuKAnULdfS,Bitcoin,6,34,3,34,34d,1,1,1,0.117647059,0.882352941,0,1,0.382352941,4.910992253,3,6,21,0
34kEYgpijvCmjvahRXXQEnBH76UGJVx2wg,Bitcoin,6,34,3,34,34k,1,1,1,0.147058824,0.852941176,0,1,0.294117647,4.793345194,4,1,24,2
34kWCKF2wCbe6uinit2uL4ND6d8yxsuxKM,Bitcoin,6,34,3,34,34k,1,1,1,0.235294118,0.764705882,0,1,0.441176471,4.535848503,4,3,19,0
34pFGsSYbWEritXncW9unZtQQE9dKSvKku,Bitcoin,6,34,3,34,34p,1,1,1,0.117647059,0.882352941,0,1,0.294117647,4.558051077,3,3,24,2
35KAdTa2vqnJzitF2xiUzZn1Gmcas2Y465,Bitcoin,6,34,3,35,35K,1,1,1,0.264705882,0.735294118,0,1,0.441176471,4.653495562,2,4,19,0
35LScRJ8hzDvvWh9t9UA8bHGnGNVz3YEfa,Bitcoin,6,34,3,35,35L,1,1,1,0.205882353,0.794117647,0,1,0.411764706,4.675698135,3,4,20,2
35QpLWYkvD3ALhjbge5bK2kd7HfHYcDMu3,Bitcoin,6,34,3,35,35Q,1,1,1,0.205882353,0.794117647,0,1,0.470588235,4.535848503,3,6,18,0
35SwVFxosV3AsvnrBfzdXarqavRbvDyyxv,Bitcoin,6,34,3,35,35S,1,1,1,0.088235294,0.911764706,0,1,0.352941176,4.440404018,4,5,22,2
35aTjkBh4yeTypJsi9nuTdoMKHTsawKVgX,Bitcoin,6,34,3,35,35a,1,1,1,0.117647059,0.882352941,0,1,0.264705882,4.616874606,1,4,25,0
35eanEz5iYg2eYaxCtMrR4SCoypFqrBWUH,Bitcoin,6,34,3,35,35e,1,1,1,0.147058824,0.852941176,0,1,0.411764706,4.734521665,5,4,20,0
35hh9dg3wSvUJz9vFk1FsezLE5Fx3Hudk2,Bitcoin,6,34,3,35,35h,1,1,1,0.264705882,0.735294118,0,1,0.470588235,4.395998871,4,3,18,2
35qwVtMEohWDdBWRiCSR7azoP5cbY8SG1Q,Bitcoin,6,34,3,35,35q,1,1,1,0.176470588,0.823529412,0,1,0.411764706,4.793345194,4,4,20,0
35vypiSvQsxRiT3YZzGRGVaduUSx67ysZb,Bitcoin,6,34,3,35,35v,1,1,1,0.147058824,0.852941176,0,1,0.235294118,4.499227547,0,3,26,0
361AkMKNNWYwZRsCE8pPNmoh5aQf4V7g4p,Bitcoin,6,34,3,36,361,1,1,1,0.235294118,0.764705882,0,1,0.382352941,4.82996615,3,2,21,2
361NP7YcBPQ4KkLT3Y2QZeDEV4M3yi65Ar,Bitcoin,6,34,3,36,361,1,1,1,0.323529412,0.676470588,0,1,0.5,4.653495562,4,2,17,0
3685sEusmTwZBiKJ4cgV73EAhpVD1nbgbe,Bitcoin,6,34,3,36,368,1,1,1,0.235294118,0.764705882,0,1,0.5,4.734521665,5,4,17,0
36XqYWGvUQwBrYLRVuegN4pJJJSPWL1WEu,Bitcoin,6,34,3,36,36X,1,1,1,0.117647059,0.882352941,0,1,0.205882353,4.631292988,2,1,27,3
36YGN5dGzqrxMomTHdkT6cYVMnWBw8S7hD,Bitcoin,6,34,3,36,36Y,1,1,1,0.176470588,0.823529412,0,1,0.323529412,4.734521665,2,3,23,0
36yS87PLuW7sErLg1TY26WzaVarTim7AcC,Bitcoin,6,34,3,36,36y,1,1,1,0.264705882,0.735294118,0,1,0.441176471,4.594672032,3,3,19,0
372Wk9NLrMkJzKgqJdatWJy4bYRfxFjgat,Bitcoin,6,34,3,37,372,1,1,1,0.147058824,0.852941176,0,1,0.323529412,4.653495562,1,5,23,0
37KHumAdzFcg1fXMv36UGg91MHPqhJUv19,Bitcoin,6,34,3,37,37K,1,1,1,0.264705882,0.735294118,0,1,0.411764706,4.535848503,2,3,20,0
37dDBCexFPraKW4jGSqkE3NyG52YeZQbJx,Bitcoin,6,34,3,37,37d,1,1,1,0.176470588,0.823529412,0,1,0.470588235,4.852168724,5,5,18,0
37g6WgqedzZx6nx51tYgssNG8Hnknyj5nL,Bitcoin,6,34,3,37,37g,1,1,1,0.235294118,0.764705882,0,1,0.294117647,4.477024974,0,2,24,2
386wa1UM6nA798AWNh64jdrejZyedeXgUN,Bitcoin,6,34,3,38,386,1,1,1,0.294117647,0.705882353,0,1,0.529411765,4.4548224,2,6,16,0
389Sft4nJFkPGhbagk9FN4jXncA9piYTuU,Bitcoin,6,34,3,38,389,1,1,1,0.205882353,0.794117647,0,1,0.411764706,4.712319091,3,4,20,0
38LjCapRrJEW7w2zwbyS15P9D9UGPjWS44,Bitcoin,6,34,3,38,38L,1,1,1,0.294117647,0.705882353,0,1,0.441176471,4.675698135,3,2,19,2
38TftW1heYPqvKbiAhT4ttNBqkUPpooXad,Bitcoin,6,34,3,38,38T,1,1,1,0.117647059,0.882352941,0,1,0.323529412,4.653495562,2,5,23,2
38ncxqt932N9CcfNfYuHGZgCyR85hDkWBW,Bitcoin,6,34,3,38,38n,1,1,1,0.235294118,0.764705882,0,1,0.470588235,4.616874606,4,4,18,0
39AALn7eTjdPzLb99hHhD6F7J8QWB3R2Rd,Bitcoin,6,34,3,39,39A,1,1,1,0.294117647,0.705882353,0,1,0.558823529,4.535848503,5,4,15,2
39KQvziHwUe2vddbpfC5WkQEV72qbQhxuh,Bitcoin,6,34,3,39,39K,1,1,1,0.176470588,0.823529412,0,1,0.411764706,4.653495562,2,6,20,2
39NG2LcGRHXxSr1irpEVnJMw4ydL231sEn,Bitcoin,6,34,3,39,39N,1,1,1,0.235294118,0.764705882,0,1,0.352941176,4.616874606,2,2,22,0
39Te8MbphSgs7npDJPj2hbNzhke61NTcnB,Bitcoin,6,34,3,39,39T,1,1,1,0.205882353,0.794117647,0,1,0.411764706,4.594672032,2,5,20,0
39eboeqYNFe2VoLC3mUGx4dh6GNhLB3D2q,Bitcoin,6,34,3,39,39e,1,1,1,0.235294118,0.764705882,0,1,0.5,4.395998871,4,5,17,0
39fhoB2DohisGBbHvvfmkdPdShT75CNHdX,Bitcoin,6,34,3,39,39f,1,1,1,0.147058824,0.852941176,0,1,0.441176471,4.513645929,4,6,19,2
39p8qWp1bkBNhi4vPpFTetKPtH7goqNDZf,Bitcoin,6,34,3,39,39p,1,1,1,0.176470588,0.823529412,0,1,0.352941176,4.712319091,3,3,22,0
3A1HH3PseYMkh2nSrBb4kkVt3815kUNVVC,Bitcoin,6,34,3,3A,3A1,1,1,1,0.264705882,0.735294118,0,1,0.411764706,4.4548224,3,2,20,2
3AFcE2mbSSndcpYFgHoExSmjUc26ef2gQh,Bitcoin,6,34,3,3A,3AF,1,1,1,0.147058824,0.852941176,0,1,0.5,4.432619826,5,7,17,2
3ANWhUnHujdwbw2jEuGSRH6bvFsD9BqEy9,Bitcoin,6,34,3,3A,3AN,1,1,1,0.147058824,0.852941176,0,1,0.411764706,4.675698135,6,3,20,0
3AQSmMk5n3c6TKEg9B2WyzYAPm33gJJAA4,Bitcoin,6,34,3,3A,3AQ,1,1,1,0.264705882,0.735294118,0,1,0.470588235,4.440404018,6,1,18,2
3AYU365Tcjef7j9pdKF9Xe8rWpEpsH196t,Bitcoin,6,34,3,3A,3AY,1,1,1,0.323529412,0.676470588,0,1,0.558823529,4.572469459,3,5,15,0
3AjiWiUdKB5mcGUSS9mBeoHCeYJw3Zo8r6,Bitcoin,6,34,3,3A,3Aj,1,1,1,0.176470588,0.823529412,0,1,0.411764706,4.616874606,4,4,20,2
3AjyprBY5yhijiCjUC5NUJutGbwhd3AQdE,Bitcoin,6,34,3,3A,3Aj,1,1,1,0.117647059,0.882352941,0,1,0.382352941,4.418201444,6,3,21,0
3B3vmabBbeDRnVrjvvq3hm85zVB4v5bWFC,Bitcoin,6,34,3,3B,3B3,1,1,1,0.205882353,0.794117647,0,1,0.529411765,4.256149238,6,5,16,2
3B4G1M8eF3cThbeMwhEWkKzczw9QoNTGak,Bitcoin,6,34,3,3B,3B4,1,1,1,0.176470588,0.823529412,0,1,0.441176471,4.499227547,3,6,19,0
3B7S6zrgxQVQUHTU8wstM23tB9afE7ojuX,Bitcoin,6,34,3,3B,3B7,1,1,1,0.235294118,0.764705882,0,1,0.382352941,4.734521665,3,2,21,0
3BCN3WgMRJwULTz1vsEQ7NZrBjwaUBf5Ca,Bitcoin,6,34,3,3B,3BC,1,1,1,0.147058824,0.852941176,0,1,0.411764706,4.594672032,6,3,20,0
3BQACtiMXYB9JpUMpkEWt9m8BzswpGHq4X,Bitcoin,6,34,3,3B,3BQ,1,1,1,0.147058824,0.852941176,0,1,0.323529412,4.572469459,6,0,23,0
3BWP6ZQAhc4j5wR1b95zJAthJEFvhdees7,Bitcoin,6,34,3,3B,3BW,1,1,1,0.235294118,0.764705882,0,1,0.529411765,4.712319091,5,5,16,2
3BazbaTP8ELJUEfPBV9z5HXEdgBziV9p7W,Bitcoin,6,34,3,3B,3Ba,1,1,1,0.176470588,0.823529412,0,1,0.5,4.432619826,6,5,17,0
3BsyZ7qRFSi3NsaoV1Ff724qAgrEpjVUHm,Bitcoin,6,34,3,3B,3Bs,1,1,1,0.205882353,0.794117647,0,1,0.411764706,4.734521665,5,2,20,0
3CCmt5LjQ5yKkaFY1DWC2SbERVEtWRnSRD,Bitcoin,6,34,3,3C,3CC,1,1,1,0.147058824,0.852941176,0,1,0.441176471,4.4548224,8,2,19,2
3Czhm6xqn8odwz6jgTcjRrUjog28v6aVS8,Bitcoin,6,34,3,3C,3Cz,1,1,1,0.235294118,0.764705882,0,1,0.352941176,4.491443356,1,3,22,0
3DCCgmyKozcZkFBzYb1A2x8abZCpAUTPPk,Bitcoin,6,34,3,3D,3DC,1,1,1,0.117647059,0.882352941,0,1,0.470588235,4.594672032,8,4,18,2
3DLGfN7hgsWXXSp9euXcnmWXLpFQuswW2t,Bitcoin,6,34,3,3D,3DL,1,1,1,0.117647059,0.882352941,0,1,0.264705882,4.477024974,2,3,25,2
3DNsaQnaUz7wkQny1ZDSmtz6QfbEShxoDD,Bitcoin,6,34,3,3D,3DN,1,1,1,0.117647059,0.882352941,0,1,0.382352941,4.477024974,5,4,21,2
3E6rY4dSCDW6y2bzJNwrjvTtdmMQjB6yeh,Bitcoin,6,34,3,3E,3.00E+06,1,1,1,0.176470588,0.823529412,0,1,0.411764706,4.712319091,4,4,20,0
3E7YbpXuhh3CWFks1jmvWoV8y5DvsfzE6n,Bitcoin,6,34,3,3E,3.00E+07,1,1,1,0.205882353,0.794117647,0,1,0.411764706,4.734521665,5,2,20,2
3EL5vcYeu1cnivLtR7tnAX3bBirr9ATNAL,Bitcoin,6,34,3,3E,3EL,1,1,1,0.176470588,0.823529412,0,1,0.441176471,4.395998871,5,4,19,2
3EPqGUw2q89pwPZ1UF8FJspE2AyojSTjdu,Bitcoin,6,34,3,3E,3EP,1,1,1,0.205882353,0.794117647,0,1,0.382352941,4.499227547,5,1,21,0
3EQoMXw6Xi8zNzY8tLfJbkWjV5EXsQP4Es,Bitcoin,6,34,3,3E,3EQ,1,1,1,0.176470588,0.823529412,0,1,0.323529412,4.572469459,3,2,23,0
3ES6pqCueDPCnC4hCqhhYuey6gyiRJZw6E,Bitcoin,6,34,3,3E,3ES,1,1,1,0.147058824,0.852941176,0,1,0.411764706,4.278351812,7,2,20,2
3EUjqe9UpmyXCFd6jeu69hoTzndMRfxw9M,Bitcoin,6,34,3,3E,3EU,1,1,1,0.176470588,0.823529412,0,1,0.411764706,4.594672032,3,5,20,0
3EeR8FbcPbkcGj77D6ttneJxmsr3Nu7KGV,Bitcoin,6,34,3,3E,3Ee,1,1,1,0.205882353,0.794117647,0,1,0.470588235,4.594672032,3,6,18,2
3F2sZ4jbhvDKQdGbHYPC6ZxFXEau2m5Lqj,Bitcoin,6,34,3,3F,3F2,1,1,1,0.176470588,0.823529412,0,1,0.441176471,4.793345194,5,4,19,0
3F6bbvS1krsc1qR8FsbTDfYQyvkMm3QvmR,Bitcoin,6,34,3,3F,3F6,1,1,1,0.176470588,0.823529412,0,1,0.411764706,4.337175341,3,5,20,2
3FBgeJdhiBe22UoSpp51Vd8dPHVa2A4wZX,Bitcoin,6,34,3,3F,3FB,1,1,1,0.235294118,0.764705882,0,1,0.529411765,4.572469459,4,6,16,2
3FfRvC3kSo2SxiQe5e7SSuNdegwgq8iusL,Bitcoin,6,34,3,3F,3Ff,1,1,1,0.176470588,0.823529412,0,1,0.382352941,4.477024974,2,5,21,2
3FgaJMgxCfU3qqQ3Yiqv3Xw8rmLDDkByeo,Bitcoin,6,34,3,3F,3Fg,1,1,1,0.147058824,0.852941176,0,1,0.382352941,4.594672032,5,3,21,2
3GAUBtrTtWp1D9yeXgr3wMg8B599QHa5m5,Bitcoin,6,34,3,3G,3GA,1,1,1,0.294117647,0.705882353,0,1,0.470588235,4.513645929,4,2,18,2
3GBGnqDqdiskCmfq2Rchk1LcBoSo4P3DZQ,Bitcoin,6,34,3,3G,3GB,1,1,1,0.147058824,0.852941176,0,1,0.411764706,4.535848503,5,4,20,0
3GMfGEDYMTq9G8dEHet1zLtUFJwYwSNa3Y,Bitcoin,6,34,3,3G,3GM,1,1,1,0.147058824,0.852941176,0,1,0.382352941,4.513645929,4,4,21,0
3GSXNXzyCDoQ1Rhsc7F1jjjFe7DGcHHdcM,Bitcoin,6,34,3,3G,3GS,1,1,1,0.147058824,0.852941176,0,1,0.441176471,4.395998871,5,5,19,3
3GXdtA6kbb4M5aqzZm5qqxcFDFRMW8LqdJ,Bitcoin,6,34,3,3G,3GX,1,1,1,0.176470588,0.823529412,0,1,0.470588235,4.558051077,4,6,18,2
3GYbbYkvqvjF5oYhaKCgQYCvcVE1JENk6J,Bitcoin,6,34,3,3G,3GY,1,1,1,0.117647059,0.882352941,0,1,0.382352941,4.418201444,5,4,21,2
3Gbs4rjcVUtQd8p3CiFUCxPLZwRqurezRZ,Bitcoin,6,34,3,3G,3Gb,1,1,1,0.117647059,0.882352941,0,1,0.323529412,4.734521665,3,4,23,0
3GuQjr7kkrR5EjpanMgyAuxuLgrjEUwe21,Bitcoin,6,34,3,3G,3Gu,1,1,1,0.147058824,0.852941176,0,1,0.294117647,4.491443356,3,2,24,2
3H3rh85qPaGLy2w6618yZNaH7i8asHv46B,Bitcoin,6,34,3,3H,3H3,1,1,1,0.382352941,0.617647059,0,1,0.5,4.410417253,1,3,17,2
3H4qaWi5DS6FMwyZrG9xRRud3Qc5dUVn2U,Bitcoin,6,34,3,3H,3H4,1,1,1,0.235294118,0.764705882,0,1,0.411764706,4.793345194,2,4,20,2
3HJN4jRa4mdfkey9JR9jUhr86yPwL86A3C,Bitcoin,6,34,3,3H,3HJ,1,1,1,0.294117647,0.705882353,0,1,0.470588235,4.558051077,2,4,18,0
3HQDRyzwm82MFmLWtmyikDM9JQEtVT6vAp,Bitcoin,6,34,3,3H,3HQ,1,1,1,0.147058824,0.852941176,0,1,0.294117647,4.653495562,5,0,24,0
3HQRveQzPifZorZLDXHernc5zjoZax8U9f,Bitcoin,6,34,3,3H,3HQ,1,1,1,0.117647059,0.882352941,0,1,0.323529412,4.535848503,1,6,23,0
3HRExd8GKFskZC5inmVcpiyy9UWG7FVa6o,Bitcoin,6,34,3,3H,3HR,1,1,1,0.176470588,0.823529412,0,1,0.382352941,4.793345194,4,3,21,2
3HSZc4BLnQBznjSq7JvXgqNCZUUs3M9fZz,Bitcoin,6,34,3,3H,3HS,1,1,1,0.147058824,0.852941176,0,1,0.294117647,4.535848503,3,2,24,2
3HWjh69cVQvcPeLWVCyVmXEq72nyDSj5zP,Bitcoin,6,34,3,3H,3HW,1,1,1,0.176470588,0.823529412,0,1,0.352941176,4.653495562,3,3,22,0
3He6EyDaCUgmdr4GXqhxbeTQukaGLCByU2,Bitcoin,6,34,3,3H,3He,1,1,1,0.117647059,0.882352941,0,1,0.441176471,4.734521665,5,6,19,0
3HePkztPU6UsdENxnyQHFrdZA6eVKeMtvz,Bitcoin,6,34,3,3H,3He,1,1,1,0.088235294,0.911764706,0,1,0.323529412,4.535848503,3,5,23,0
3HqA7i3ttECLvgqvq69HNxxUP5BL7Z5YgA,Bitcoin,6,34,3,3H,3Hq,1,1,1,0.235294118,0.764705882,0,1,0.382352941,4.359377915,5,0,21,2
3HupEUfKmMhvhXqf8TMoPAyqDcRC1kpe65,Bitcoin,6,34,3,3H,3Hu,1,1,1,0.147058824,0.852941176,0,1,0.382352941,4.793345194,4,4,21,0
3J19qffPT6mxQUcV6k5yVURGZtdhpdGr4y,Bitcoin,6,34,3,3J,3J1,1,1,1,0.205882353,0.794117647,0,1,0.352941176,4.675698135,0,5,22,2
3JHMz3mTna1gVCZSPp8NgRFiY7phkv5mA8,Bitcoin,6,34,3,3J,3JH,1,1,1,0.205882353,0.794117647,0,1,0.323529412,4.793345194,3,1,23,0
3JLyyLbwciWAC6re87D7mRknXakR4YbnUd,Bitcoin,6,34,3,3J,3JL,1,1,1,0.176470588,0.823529412,0,1,0.441176471,4.675698135,3,6,19,2
3JUwAS7seL3fh5hxWh9fu3HCiEzjuQLTfg,Bitcoin,6,34,3,3J,3JU,1,1,1,0.176470588,0.823529412,0,1,0.382352941,4.550266885,3,4,21,0
3JXKQ81JzBqVbB8VHdV9Jtd7auWokkdPgY,Bitcoin,6,34,3,3J,3JX,1,1,1,0.176470588,0.823529412,0,1,0.382352941,4.491443356,2,5,21,2
3JhPsVV3KnL9dBYGSZALS9EbrLr97R865a,Bitcoin,6,34,3,3J,3Jh,1,1,1,0.264705882,0.735294118,0,1,0.441176471,4.572469459,3,3,19,2
3Jpf9B5P8cvEKSSGp9cES3Upbms8VRnXUb,Bitcoin,6,34,3,3J,3Jp,1,1,1,0.205882353,0.794117647,0,1,0.441176471,4.395998871,3,5,19,2
3JuSgFrwnrNfuhvR4GpWAPmeJVot4xrEae,Bitcoin,6,34,3,3J,3Ju,1,1,1,0.088235294,0.911764706,0,1,0.294117647,4.712319091,3,4,24,0
3K26aMKmnrv97Pj6YiFcqiXk2LxeHfhnG3,Bitcoin,6,34,3,3K,3K2,1,1,1,0.235294118,0.764705882,0,1,0.382352941,4.734521665,1,4,21,0
3K35dyL85fR9ht7UgzPfd1gLRRXQtNTqE3,Bitcoin,6,34,3,3K,3K3,1,1,1,0.264705882,0.735294118,0,1,0.411764706,4.4548224,1,4,20,2
3K4rjdh8A5yi6LWvft2rbmyZvqEbPSSSX4,Bitcoin,6,34,3,3K,3K4,1,1,1,0.205882353,0.794117647,0,1,0.382352941,4.653495562,2,4,21,3
3K7PMJyMNVnxqsfpmK9r9nJDtzDw9wNwNV,Bitcoin,6,34,3,3K,3K7,1,1,1,0.147058824,0.852941176,0,1,0.235294118,4.314972768,2,1,26,0
3KGQ3hX6eFYtBjTBFSdvdkzHmwZyYWLRQh,Bitcoin,6,34,3,3K,3KG,1,1,1,0.088235294,0.911764706,0,1,0.294117647,4.675698135,4,3,24,0
3KHfXU24Bt3YD5Ef4J7uNp2buCuhrxfGen,Bitcoin,6,34,3,3K,3KH,1,1,1,0.235294118,0.764705882,0,1,0.5,4.631292988,4,5,17,0
3Kp8Qc5z7yevDeoQxhS5RSSKnEi5x7AQ43,Bitcoin,6,34,3,3K,3Kp,1,1,1,0.264705882,0.735294118,0,1,0.441176471,4.373796297,3,3,19,2
3KvBX3jo69Qn8jHy44M33RYoeYcf8DdRBD,Bitcoin,6,34,3,3K,3Kv,1,1,1,0.294117647,0.705882353,0,1,0.529411765,4.381580488,4,4,16,2
3LDbNuDkKmLae5r3a5icPA5CQg2Y8F7ogW,Bitcoin,6,34,3,3L,3LD,1,1,1,0.235294118,0.764705882,0,1,0.529411765,4.653495562,5,5,16,0
3LLUnf3ezw6mCbQ2zCZmGu5rZULzkhxQi7,Bitcoin,6,34,3,3L,3LL,1,1,1,0.176470588,0.823529412,0,1,0.323529412,4.4548224,2,3,23,2
3LbDu1rUXHNyiz4i8eb3KwkSSBMf7C583D,Bitcoin,6,34,3,3L,3Lb,1,1,1,0.264705882,0.735294118,0,1,0.5,4.653495562,4,4,17,2
3LhnVMcBq4gsR7aDaRr9XmUo17CuYBV4FN,Bitcoin,6,34,3,3L,3Lh,1,1,1,0.205882353,0.794117647,0,1,0.441176471,4.734521665,5,3,19,0
3Lpoy53K625zVeE47ZasiG5jGkAxJ27kh1,Bitcoin,6,34,3,3L,3Lp,1,1,1,0.352941176,0.647058824,0,1,0.470588235,4.653495562,2,2,18,0
3M7CGBPUJwXXSroWuZ6H5jiprdKCyf7V5M,Bitcoin,6,34,3,3M,3M7,1,1,1,0.176470588,0.823529412,0,1,0.323529412,4.734521665,3,2,23,2
3MD3riFB6U8PykypF6qkvSj8R2SGdUDPn3,Bitcoin,6,34,3,3M,3MD,1,1,1,0.235294118,0.764705882,0,1,0.411764706,4.418201444,5,1,20,0
3MN8nYo1tt5hLxMwMbxDkXWd7Xu522hb9P,Bitcoin,6,34,3,3M,3MN,1,1,1,0.264705882,0.735294118,0,1,0.382352941,4.535848503,1,3,21,2
3MP7yBGSW2gkXVRE8S84T2j4KVgPh3rEzv,Bitcoin,6,34,3,3M,3MP,1,1,1,0.264705882,0.735294118,0,1,0.352941176,4.558051077,3,0,22,0
3MTRvM5QrYZHKo8gh5qKcrPK3RLjxcDCZE,Bitcoin,6,34,3,3M,3MT,1,1,1,0.147058824,0.852941176,0,1,0.294117647,4.535848503,3,2,24,0
3MTrJTFhYK9v1C6pjHtuweZSopfZa4b1wb,Bitcoin,6,34,3,3M,3MT,1,1,1,0.176470588,0.823529412,0,1,0.382352941,4.734521665,2,5,21,0
3MkUNScqf21EcfWq6T4x2MFgBeSTqhB5t6,Bitcoin,6,34,3,3M,3Mk,1,1,1,0.235294118,0.764705882,0,1,0.5,4.477024974,4,5,17,0
3MvQ4gThF4mmuo49p4dBNchcmFHBRZnYfx,Bitcoin,6,34,3,3M,3Mv,1,1,1,0.176470588,0.823529412,0,1,0.411764706,4.477024974,4,4,20,2
3MzLtBQ4Lz9J6w4Qu55TktgxFKZwxYWrP6,Bitcoin,6,34,3,3M,3Mz,1,1,1,0.235294118,0.764705882,0,1,0.294117647,4.558051077,2,0,24,2
3N3YSDvp4cbhEgNGabQxTN39kEzJmwG8Ah,Bitcoin,6,34,3,3N,3N3,1,1,1,0.176470588,0.823529412,0,1,0.411764706,4.572469459,4,4,20,0
3N6WeZ6i34taX8Ditser6LKWBcXmt2XXL4,Bitcoin,6,34,3,3N,3N6,1,1,1,0.264705882,0.735294118,0,1,0.441176471,4.219528282,2,4,19,2
3N9YcPBDky9UsMx1RTk33tL4jDkZfSnsPk,Bitcoin,6,34,3,3N,3N9,1,1,1,0.205882353,0.794117647,0,1,0.352941176,4.477024974,3,2,22,2
3NDzzVxiLBUs1WPvVGRfCYDTAD2Ua2PvW4,Bitcoin,6,34,3,3N,3ND,1,1,1,0.147058824,0.852941176,0,1,0.382352941,4.535848503,6,2,21,2
3NNcbBcMZokPB2JC2dxYuZrpgcetvyGeJn,Bitcoin,6,34,3,3N,3NN,1,1,1,0.088235294,0.911764706,0,1,0.382352941,4.594672032,3,7,21,2
3NPognMSbzyA2JYW2fpkVKWyBMi2XTq2Zt,Bitcoin,6,34,3,3N,3NP,1,1,1,0.147058824,0.852941176,0,1,0.264705882,4.675698135,2,2,25,0
3NQ1aa9ceirMJ1JvRq3eXefvXj1L639fzX,Bitcoin,6,34,3,3N,3NQ,1,1,1,0.264705882,0.735294118,0,1,0.5,4.233946665,0,8,17,2
3NRJ8aXdUiZdHaiFX9ePX3DhGHzcEi14Fq,Bitcoin,6,34,3,3N,3NR,1,1,1,0.176470588,0.823529412,0,1,0.470588235,4.513645929,4,6,18,0
3NU9zkD8CCVGVmYnNNSN7PbU9sSFQBm5UV,Bitcoin,6,34,3,3N,3NU,1,1,1,0.176470588,0.823529412,0,1,0.352941176,4.337175341,5,1,22,2
3P6PzdfETr4275Gn3veLkCyDxA1jV8fHKm,Bitcoin,6,34,3,3P,3P6,1,1,1,0.264705882,0.735294118,0,1,0.5,4.910992253,4,4,17,0
3PDmRwotTkRAFRLGTUrucCERp2JdM1q4ar,Bitcoin,6,34,3,3P,3PD,1,1,1,0.117647059,0.882352941,0,1,0.352941176,4.734521665,5,3,22,0
3PKiHs4GY4rFg8dpppNVPXGPqMX6K2cBML,Bitcoin,6,34,3,3P,3PK,1,1,1,0.176470588,0.823529412,0,1,0.294117647,4.513645929,2,2,24,3
3PUmTuVAW3LkKg53FZ7F97VDBitW4ugwnM,Bitcoin,6,34,3,3P,3PU,1,1,1,0.235294118,0.764705882,0,1,0.382352941,4.594672032,5,0,21,0
3PiCnZrBvGfWAKQ9hr4cCpfaDjy64yNSpE,Bitcoin,6,34,3,3P,3Pi,1,1,1,0.147058824,0.852941176,0,1,0.441176471,4.734521665,6,4,19,0
3PyzSbFj3hbQQjTzDzyLSgvFVDjB7yw4Cj,Bitcoin,6,34,3,3P,3Py,1,1,1,0.117647059,0.882352941,0,1,0.352941176,4.219528282,6,2,22,2
3Q5dGfLKkWqWSwYtbMUyc8xGjN5LrRviK4,Bitcoin,6,34,3,3Q,3Q5,1,1,1,0.147058824,0.852941176,0,1,0.264705882,4.793345194,0,4,25,0
3Q8H2ZWMtc4R1M3mkmhnTjCoYKTeCFigDP,Bitcoin,6,34,3,3Q,3Q8,1,1,1,0.176470588,0.823529412,0,1,0.352941176,4.793345194,4,2,22,0
3QAdoc1rDCt8dii1GVPJXvvK6CEJLzCRZw,Bitcoin,6,34,3,3Q,3QA,1,1,1,0.147058824,0.852941176,0,1,0.411764706,4.653495562,6,3,20,2
3QEjBiPzw6WZUL4MYMmMU6DY1Y25aVbpQu,Bitcoin,6,34,3,3Q,3QE,1,1,1,0.205882353,0.794117647,0,1,0.352941176,4.631292988,3,2,22,0
3QJyT8nThEQakbfqgX86YjCK1Sp9hfNCUW,Bitcoin,6,34,3,3Q,3QJ,1,1,1,0.176470588,0.823529412,0,1,0.382352941,4.734521665,3,4,21,0
3QVyoH4u3qT88uChAeJVhfB3r6maZt431y,Bitcoin,6,34,3,3Q,3QV,1,1,1,0.294117647,0.705882353,0,1,0.470588235,4.499227547,3,3,18,2
3QWUdP5taP4GrRuueVDud1eWetb7hc3wDH,Bitcoin,6,34,3,3Q,3QW,1,1,1,0.176470588,0.823529412,0,1,0.470588235,4.4548224,2,8,18,2
3QnWE5GVfQu3wVav91RuFkqip4Ti4NWqAY,Bitcoin,6,34,3,3Q,3Qn,1,1,1,0.205882353,0.794117647,0,1,0.352941176,4.616874606,3,2,22,0
3QrukkUiBrn23rFUKUgasNd1wYWNk7WdSV,Bitcoin,6,34,3,3Q,3Qr,1,1,1,0.147058824,0.852941176,0,1,0.294117647,4.432619826,2,3,24,2
3Qw9Fn19gCnga9LfHfpM99aGzuqxBNjR2i,Bitcoin,6,34,3,3Q,3Qw,1,1,1,0.235294118,0.764705882,0,1,0.441176471,4.51070871,3,4,19,2
TUCsTq7TofTCJRRoHk6RvhMoS2mJLm5Yzq,Bitcoin,6,34,T,TU,TUC,1,1,1,0.117647059,0.882352941,0,1,0.205882353,4.337175341,2,1,27,2
bc1q05aktddf9ce4p7hh3stgsf253m4vweu7nkhtmw,Bitcoin,6,42,b,bc,bc1,0,1,1,0.285714286,0.714285714,0,0.976190476,0.523809524,4.594465637,0,10,20,2
bc1q202ajnhxgg9d9jjczmg0g4usp6haqldyy2eakl,Bitcoin,6,42,b,bc,bc1,0,1,1,0.238095238,0.761904762,0,0.904761905,0.452380952,4.48125403,0,9,23,2
bc1q237mvl0heyw0r38wd3xz8h5mar96rrwpams8pp,Bitcoin,6,42,b,bc,bc1,0,1,1,0.333333333,0.666666667,0,0.928571429,0.476190476,4.492926053,0,6,22,2
bc1q2c3vwu7wxq308lsun24rjlsh6ff0x8whx55v4q,Bitcoin,6,42,b,bc,bc1,0,1,1,0.357142857,0.642857143,0,0.904761905,0.476190476,4.433634982,0,5,22,2
bc1q2jys00x2rgdkm3xnewuucqacytu0a7echupu8y,Bitcoin,6,42,b,bc,bc1,0,1,1,0.214285714,0.785714286,0,0.928571429,0.452380952,4.460902769,0,10,23,2
bc1q2lpgjntr348pfvxhfy33ehmdzy3gmx8w4052z6,Bitcoin,6,42,b,bc,bc1,0,1,1,0.333333333,0.666666667,0,0.952380952,0.476190476,4.678031708,0,6,22,2
bc1q2q8uxjznmurg363dvd98xjg54mrr7z6mw9t825,Bitcoin,6,42,b,bc,bc1,0,1,1,0.380952381,0.619047619,0,1,0.476190476,4.48125403,0,4,22,2
bc1q362njxy39gnwrvj7zytn84ax39fwnhvk7n2999,Bitcoin,6,42,b,bc,bc1,0,1,1,0.380952381,0.619047619,0,1,0.476190476,4.39293246,0,4,22,3
bc1q3ael5my37nklgnqcrkwmnndfx9qdnp67j0739c,Bitcoin,6,42,b,bc,bc1,0,1,1,0.285714286,0.714285714,0,0.928571429,0.5,4.424955745,0,9,21,2
bc1q3q2lz3cmt4u2f49ugxz5q34xrs0m2z4w2gmkp5,Bitcoin,6,42,b,bc,bc1,0,1,1,0.380952381,0.619047619,0,0.952380952,0.476190476,4.320423375,0,4,22,0
bc1q3tan207evu5skk2wj80ycyw242g0kdnn3hs3x0,Bitcoin,6,42,b,bc,bc1,0,1,1,0.380952381,0.619047619,0,0.904761905,0.523809524,4.48125403,0,6,20,2
bc1q3y5v2khlyvemcz042wl98dzflywr8ghglqws6s,Bitcoin,6,42,b,bc,bc1,0,1,1,0.261904762,0.738095238,0,0.880952381,0.404761905,4.546846589,0,6,25,0
bc1q45cxufu7x6s5v9adzm9t38k80gwawse75xffwe,Bitcoin,6,42,b,bc,bc1,0,1,1,0.333333333,0.666666667,0,0.976190476,0.595238095,4.558518613,0,11,17,2
bc1q49ax787wv0mnn8wjgp3sx772qz7eun822rkv5k,Bitcoin,6,42,b,bc,bc1,0,1,1,0.404761905,0.595238095,0,0.976190476,0.5,4.538167352,0,4,21,2
bc1q4namcagg5wljs0u20z6h2sqgsq4q5lts8rt2rr,Bitcoin,6,42,b,bc,bc1,0,1,1,0.285714286,0.714285714,0,0.904761905,0.404761905,4.338396887,0,5,25,2
bc1q4qjvgw475a39d8cpcyv5keq39jlmlrq870sn30,Bitcoin,6,42,b,bc,bc1,0,1,1,0.380952381,0.619047619,0,0.904761905,0.547619048,4.546846589,0,7,19,0
bc1q4rzdtlt0uslyw86cp29sctl6ct29g9a95cuup7pn5md9ddj7xgmqpp5m73,Bitcoin,6,62,b,bc,bc1,0,1,1,0.322580645,0.677419355,0,0.935483871,0.5,4.589626005,0,11,31,2
bc1q4sqmmyv63g6ma5cmswzap3d8k995h0str69v3t,Bitcoin,6,42,b,bc,bc1,0,1,1,0.357142857,0.642857143,0,0.976190476,0.5,4.463280518,0,6,21,2
bc1q4yzd2rjmshm8ucrwy6dzj5rna20j0zlf8hf8vz,Bitcoin,6,42,b,bc,bc1,0,1,1,0.261904762,0.738095238,0,0.928571429,0.452380952,4.48125403,0,8,23,0
bc1q5jqgm7nvrhaw2rh2vk0dk8e4gg5g373g0vz07r,Bitcoin,6,42,b,bc,bc1,0,1,1,0.357142857,0.642857143,0,0.928571429,0.476190476,4.377336697,0,5,22,2
bc1q5zd0cwzd09k9r8xfk68sn5ytqp8f5aae80yfsm,Bitcoin,6,42,b,bc,bc1,0,1,1,0.333333333,0.666666667,0,0.928571429,0.595238095,4.433634982,0,11,17,2
bc1q68uswkjvu7nj7mhrvfzkx7cm6u5s9puvpm5dc2,Bitcoin,6,42,b,bc,bc1,0,1,1,0.261904762,0.738095238,0,1,0.404761905,4.463280518,0,6,25,0
bc1q6rzzf4erht8v7kgh5mfnwcrvzxchxt5glpsuls,Bitcoin,6,42,b,bc,bc1,0,1,1,0.166666667,0.833333333,0,0.952380952,0.333333333,4.558518613,0,7,28,2
bc1q6w463k7mhsgguwgqtcratm4vm42rncwhvvkeck,Bitcoin,6,42,b,bc,bc1,0,1,1,0.214285714,0.785714286,0,1,0.380952381,4.284476351,0,7,26,2
bc1q6yz2q723helcd7rz7xltw5nu77vn649zczklc3,Bitcoin,6,42,b,bc,bc1,0,1,1,0.357142857,0.642857143,0,0.928571429,0.523809524,4.383638185,0,7,20,2
bc1q7d46dvuv56kn4mm0jz3yep6xj74kxcpydt5te4,Bitcoin,6,42,b,bc,bc1,0,1,1,0.333333333,0.666666667,0,0.976190476,0.523809524,4.403989446,0,8,20,2
bc1q7hhdygx05kyfyzjku2u7lywvx5pgyng6a0nefp,Bitcoin,6,42,b,bc,bc1,0,1,1,0.214285714,0.785714286,0,0.928571429,0.380952381,4.526495328,0,7,26,2
bc1q7qsruzjsed9sy6taqz2m5rvljsmleg2xl7dz5r,Bitcoin,6,42,b,bc,bc1,0,1,1,0.214285714,0.785714286,0,0.928571429,0.380952381,4.41566147,0,7,26,0
bc1q7xfqqw9htr88t7vafg80p4qrlpjfyaps452x5g,Bitcoin,6,42,b,bc,bc1,0,1,1,0.30952381,0.69047619,0,0.952380952,0.476190476,4.48125403,0,7,22,2
bc1q86tl9255vg5wldamfymaaz36uqxzm30gs7fhkljvzdlt9t38s3lqgdwdfq,Bitcoin,6,62,b,bc,bc1,0,1,1,0.274193548,0.725806452,0,0.903225806,0.467741935,4.649456746,0,12,33,2
bc1q8ew45w2agdffrnwp6adt2gqrc9n4mkev9ns29c,Bitcoin,6,42,b,bc,bc1,0,1,1,0.285714286,0.714285714,0,1,0.571428571,4.445307006,0,12,18,2
bc1q8p5r6wdx7leuekulnlglapy2wlwxgukpe76mys,Bitcoin,6,42,b,bc,bc1,0,1,1,0.19047619,0.80952381,0,0.880952381,0.357142857,4.377336697,0,7,27,0
bc1q8pw85s83mdx2f3rfu64mmfd9wexqu2y856arwp,Bitcoin,6,42,b,bc,bc1,0,1,1,0.357142857,0.642857143,0,1,0.571428571,4.386015935,0,9,18,2
bc1q8q7z3kt37z6jalv5ujung5lem6pzlk9r3kt66k,Bitcoin,6,42,b,bc,bc1,0,1,1,0.333333333,0.666666667,0,0.928571429,0.428571429,4.386015935,0,4,24,2
bc1q90zrdysy4flyacw7hsury3ajs9yzwtwp6guqpypx94w0d3p58hysvz6pde,Bitcoin,6,62,b,bc,bc1,0,1,1,0.241935484,0.758064516,0,0.951612903,0.403225806,4.639264255,0,10,37,0
bc1q97eg4k2juepa3smpac4pnfjsnyws696c290cxq,Bitcoin,6,42,b,bc,bc1,0,1,1,0.30952381,0.69047619,0,0.976190476,0.547619048,4.48125403,0,10,19,0
bc1q9lvynkfpaw330uhqmunzdz6gmafsvapv7y3zty,Bitcoin,6,42,b,bc,bc1,0,1,1,0.19047619,0.80952381,0,0.952380952,0.380952381,4.540545101,0,8,26,2
bc1q9ua9ypl4dhj0zut5kzasj5c2kxclhh8v2k9djd,Bitcoin,6,42,b,bc,bc1,0,1,1,0.261904762,0.738095238,0,0.928571429,0.476190476,4.427333494,0,9,22,2
bc1q9ws2gcq7uumm4mk3l9xezwve7w5tmcs5js5cup,Bitcoin,6,42,b,bc,bc1,0,1,1,0.261904762,0.738095238,0,0.976190476,0.428571429,4.368042423,0,7,24,2
bc1qa2xr7dmz5lztplp9yfp7k382nf4ma8gwrl7zgg,Bitcoin,6,42,b,bc,bc1,0,1,1,0.285714286,0.714285714,0,0.928571429,0.452380952,4.540545101,0,7,23,2
bc1qa4jp7udkn2ycecz8289jfs3vpnqdwf4483d3qe,Bitcoin,6,42,b,bc,bc1,0,1,1,0.333333333,0.666666667,0,1,0.619047619,4.427333494,0,12,16,2
bc1qagp0gy58v8hqvw4p2wsphcxg067rrppp45hexr,Bitcoin,6,42,b,bc,bc1,0,1,1,0.285714286,0.714285714,0,0.952380952,0.404761905,4.254830815,0,5,25,3
bc1qakycg2zp8hydg95lc9cheumpa9yfpdeyrqqh5f,Bitcoin,6,42,b,bc,bc1,0,1,1,0.19047619,0.80952381,0,0.976190476,0.5,4.272804327,0,13,21,2
bc1qardcxz845jw83vgfvcmewhuxa0ag9gchjwmcfd,Bitcoin,6,42,b,bc,bc1,0,1,1,0.19047619,0.80952381,0,0.976190476,0.523809524,4.395310209,0,14,20,0
bc1qau9pmgc8l6rxpdwwap3fd6zprh5yp9mpe9jl0h,Bitcoin,6,42,b,bc,bc1,0,1,1,0.238095238,0.761904762,0,0.928571429,0.452380952,4.48125403,0,9,23,2
bc1qavwamr74qlzj8txy6jaxqnpym9062h090x6kz4,Bitcoin,6,42,b,bc,bc1,0,1,1,0.333333333,0.666666667,0,0.904761905,0.452380952,4.540545101,0,5,23,0
bc1qcjh0phl2yy3rxcztfthz9psuvk8trv2qe06p0k,Bitcoin,6,42,b,bc,bc1,0,1,1,0.238095238,0.761904762,0,0.904761905,0.380952381,4.492926053,0,6,26,2
bc1qcp6fr7gtyukympl6unr7uv78h3vprycwj455zx,Bitcoin,6,42,b,bc,bc1,0,1,1,0.261904762,0.738095238,0,0.976190476,0.380952381,4.570190637,0,5,26,2
bc1qdd2mumk4rxnygxyn5qhrq6pah6yjmnl3s9mef5,Bitcoin,6,42,b,bc,bc1,0,1,1,0.214285714,0.785714286,0,0.976190476,0.380952381,4.576492125,0,7,26,2
bc1qdpazd6smrkq5hmw6lupq98za2fqtgmq3azv3av,Bitcoin,6,42,b,bc,bc1,0,1,1,0.214285714,0.785714286,0,0.976190476,0.428571429,4.460902769,0,9,24,0
bc1qdt3gml5z5n50y5hm04u2yjdphefkm0fl2zdj68,Bitcoin,6,42,b,bc,bc1,0,1,1,0.333333333,0.666666667,0,0.880952381,0.523809524,4.528873077,0,8,20,0
bc1qdzgee6h4zjwvn8lyzjxgd467zxnshelqkudh7z,Bitcoin,6,42,b,bc,bc1,0,1,1,0.19047619,0.80952381,0,0.952380952,0.380952381,4.347691161,0,8,26,2
bc1qe8wclszdtshkjk7gph57crc72vpp9rylujgwa5,Bitcoin,6,42,b,bc,bc1,0,1,1,0.214285714,0.785714286,0,0.952380952,0.404761905,4.546846589,0,8,25,2
bc1qe95l438kzjcvnsm3kn8n5augf9gpctdlhsq7f7hpnkyvlr7rc7cqupapf7,Bitcoin,6,62,b,bc,bc1,0,1,1,0.241935484,0.758064516,0,0.951612903,0.451612903,4.660021618,0,13,34,0
bc1qe9lz50jq0a5pmtry0h3ekng3kjdg09vejg7355,Bitcoin,6,42,b,bc,bc1,0,1,1,0.357142857,0.642857143,0,0.880952381,0.523809524,4.41566147,0,7,20,2
bc1qec85gd576z0phflq2jm8jxlh22tckqj3yru7xs,Bitcoin,6,42,b,bc,bc1,0,1,1,0.30952381,0.69047619,0,0.928571429,0.476190476,4.653756708,0,7,22,2
bc1qedvcgh32dud85yt7fu6s7qavthlh38gtwa7rhx,Bitcoin,6,42,b,bc,bc1,0,1,1,0.261904762,0.738095238,0,0.976190476,0.5,4.48125403,0,10,21,0
bc1qetqqlgvlnzdh4eshz9q6twlpdtmvy5rfkn3lza,Bitcoin,6,42,b,bc,bc1,0,1,1,0.142857143,0.857142857,0,0.904761905,0.333333333,4.546846589,0,8,28,2
bc1qfg4gfg0y6t6xjnpmlhuwx5k0wlw6nmfzxn2psc,Bitcoin,6,42,b,bc,bc1,0,1,1,0.214285714,0.785714286,0,0.904761905,0.357142857,4.474952542,0,6,27,0
bc1qfpdycqpkl5hvxg4feuk3nhde5h8t2zd89svsg9,Bitcoin,6,42,b,bc,bc1,0,1,1,0.238095238,0.761904762,0,0.976190476,0.476190476,4.594465637,0,10,22,0
bc1qgffxa65gr579tsz55n87pal2a777ygzg69d2yz,Bitcoin,6,42,b,bc,bc1,0,1,1,0.404761905,0.595238095,0,0.976190476,0.595238095,4.270426578,0,8,17,3
bc1qh33xtpjqhgysq5xlmjzkm28uewj08885n95drr,Bitcoin,6,42,b,bc,bc1,0,1,1,0.30952381,0.69047619,0,0.952380952,0.404761905,4.624111173,0,4,25,3
bc1qh3lw22uqwrywr8lpun20q2ma528a4yqmgf3uqp,Bitcoin,6,42,b,bc,bc1,0,1,1,0.30952381,0.69047619,0,0.928571429,0.428571429,4.232101805,0,5,24,2
bc1qhe6zy9x6ar42zkec3lhkms5m7hh3svtc88qhf6,Bitcoin,6,42,b,bc,bc1,0,1,1,0.30952381,0.69047619,0,0.976190476,0.5,4.508521816,0,8,21,2
bc1qhsp4kffl5pmsae43st9jufagu6uy7lsa6mslla,Bitcoin,6,42,b,bc,bc1,0,1,1,0.214285714,0.785714286,0,0.904761905,0.452380952,4.318045626,0,10,23,2
bc1qhvzl5w99m458nm7sc6hwf5qfhxndw28sgtatk8,Bitcoin,6,42,b,bc,bc1,0,1,1,0.30952381,0.69047619,0,0.976190476,0.476190476,4.558518613,0,7,22,2
bc1qj2ffj6pepc80sfqpx2k2pd3q278q72dpqv2ens,Bitcoin,6,42,b,bc,bc1,0,1,1,0.333333333,0.666666667,0,0.976190476,0.571428571,4.023652102,0,10,18,2
bc1qj6j6p0jdefl6pvdzx3kx8245yy5mz6q4luhzes,Bitcoin,6,42,b,bc,bc1,0,1,1,0.30952381,0.69047619,0,0.928571429,0.476190476,4.546846589,0,7,22,2
bc1qjwr3rgww7a8ut7a4x8jqh3vswcue3xvp6dm7qe,Bitcoin,6,42,b,bc,bc1,0,1,1,0.261904762,0.738095238,0,1,0.452380952,4.433634982,0,8,23,2
bc1qkfqh5p2qsakseg5gnwen6zh5xf3elmku2xaup29mw3l0wnncy3es880dss,Bitcoin,6,62,b,bc,bc1,0,1,1,0.258064516,0.741935484,0,0.935483871,0.451612903,4.661632351,0,12,34,2
bc1ql526s72gycmvq7hek6j3tuwwmcpv4rgs0auxu7,Bitcoin,6,42,b,bc,bc1,0,1,1,0.285714286,0.714285714,0,0.952380952,0.428571429,4.67173022,0,6,24,2
bc1ql7dlyh8xz6tpqk92vztrhqh88dmjvcwrmsemrm,Bitcoin,6,42,b,bc,bc1,0,1,1,0.19047619,0.80952381,0,0.952380952,0.333333333,4.463280518,0,6,28,2
bc1ql7rnd70aejdxt3f9fzdlfazjlc9hvdmut8ad8s,Bitcoin,6,42,b,bc,bc1,0,1,1,0.214285714,0.785714286,0,0.904761905,0.571428571,4.442929257,0,15,18,0
bc1qlfpg2xn39u580cmwq6rymt8jdhcmj8520jhgh0,Bitcoin,6,42,b,bc,bc1,0,1,1,0.333333333,0.666666667,0,0.904761905,0.476190476,4.522571589,0,6,22,0
bc1qlhh94040d8nxkstf4l7720q72f2vntxxl96m4d,Bitcoin,6,42,b,bc,bc1,0,1,1,0.428571429,0.571428571,0,0.857142857,0.571428571,4.302449863,0,6,18,2
bc1qllmlvy5u038yvwywu803p53g8udcm8w7k4qxu9,Bitcoin,6,42,b,bc,bc1,0,1,1,0.357142857,0.642857143,0,0.880952381,0.452380952,4.272804327,0,4,23,2
bc1qmwznjzlhrj3fney3elxkwdpwa72u7eq0ge76dt,Bitcoin,6,42,b,bc,bc1,0,1,1,0.214285714,0.785714286,0,0.928571429,0.452380952,4.642084685,0,10,23,0
bc1qmzmx8res2fgzd2wttyvf2ajqqqtcnxxrgkqc2t,Bitcoin,6,42,b,bc,bc1,0,1,1,0.142857143,0.857142857,0,1,0.357142857,4.270426578,0,9,27,3
bc1qn6segn8km4nfdp9vueu6msfjsaxaqgun9h60n9,Bitcoin,6,42,b,bc,bc1,0,1,1,0.238095238,0.761904762,0,0.976190476,0.452380952,4.377336697,0,9,23,0
bc1qnykkrlk67f9kdqvzyw2ndu3xmef5z2e52886yl,Bitcoin,6,42,b,bc,bc1,0,1,1,0.30952381,0.69047619,0,0.952380952,0.5,4.499227542,0,8,21,2
bc1qpaly5nm7pfka9v92d6qvl4fc2l9xzee8a6ys3s,Bitcoin,6,42,b,bc,bc1,0,1,1,0.30952381,0.69047619,0,0.928571429,0.571428571,4.576492125,0,11,18,2
bc1qptrvdk8uv8shd734tyhyzatrvmlq9l0v6r0dc2,Bitcoin,6,42,b,bc,bc1,0,1,1,0.261904762,0.738095238,0,0.904761905,0.428571429,4.528873077,0,7,24,0
bc1qq7p0es3dv5hcynjjf40f2xjjr6qp5py47d2f6n847vduuq9gvnyq7y9ecd,Bitcoin,6,62,b,bc,bc1,0,1,1,0.322580645,0.677419355,0,0.967741935,0.532258065,4.564858157,0,13,29,2
bc1qqf8kcc9m57xjqcvsvuf989nnl48ve6d2s24cx3,Bitcoin,6,42,b,bc,bc1,0,1,1,0.357142857,0.642857143,0,0.976190476,0.595238095,4.377336697,0,10,17,2
bc1qr2tgu4almsw9ajqfwz93qw0xc8w2g72xpyzqvn,Bitcoin,6,42,b,bc,bc1,0,1,1,0.261904762,0.738095238,0,0.952380952,0.404761905,4.612439149,0,6,25,0
bc1qr4fd3glpnthkefcylhnxk4gp47jsd0523ue7qj,Bitcoin,6,42,b,bc,bc1,0,1,1,0.261904762,0.738095238,0,0.928571429,0.476190476,4.612439149,0,9,22,0
bc1qrc2gchg2fmxua5u7twu4luv5p9twmny4jjmg9x,Bitcoin,6,42,b,bc,bc1,0,1,1,0.238095238,0.761904762,0,0.976190476,0.380952381,4.48125403,0,6,26,2
bc1qrskwdw9unhlkt87ltcqq2d5pn9s6w2f35gz3z6,Bitcoin,6,42,b,bc,bc1,0,1,1,0.30952381,0.69047619,0,0.952380952,0.452380952,4.546846589,0,6,23,2
bc1qs9u6j78e3utj08mwvqkkmqm9de5xk3g4yh8qtq,Bitcoin,6,42,b,bc,bc1,0,1,1,0.30952381,0.69047619,0,0.976190476,0.428571429,4.490548304,0,5,24,2
bc1qsmqpalp3gtgkltag4x3ygevmhh9y2hzk73t2ug,Bitcoin,6,42,b,bc,bc1,0,1,1,0.214285714,0.785714286,0,0.952380952,0.333333333,4.395310209,0,5,28,2
bc1qsmv6lkrw65l30yazdqpdjjtwzpvk9f8gfh0cy7,Bitcoin,6,42,b,bc,bc1,0,1,1,0.238095238,0.761904762,0,0.904761905,0.428571429,4.725650756,0,8,24,2
bc1qsxf77cvwcd6jv6j8d8j3uhh4g0xqw4meswmwuc,Bitcoin,6,42,b,bc,bc1,0,1,1,0.261904762,0.738095238,0,0.976190476,0.476190476,4.326724863,0,9,22,2
bc1qtdupwe722vcc5e0vh94cgwfs0ep4gzwyfsf75q,Bitcoin,6,42,b,bc,bc1,0,1,1,0.285714286,0.714285714,0,0.952380952,0.571428571,4.386015935,0,12,18,2
bc1qte9ret332gwrk6e7vqc87d807npzvdj5savg4h,Bitcoin,6,42,b,bc,bc1,0,1,1,0.333333333,0.666666667,0,0.976190476,0.547619048,4.67173022,0,9,19,2
bc1qtnr3t28ltzgsuvr9j6ruqaat6fz773mm8wr02l,Bitcoin,6,42,b,bc,bc1,0,1,1,0.30952381,0.69047619,0,0.928571429,0.428571429,4.487555518,0,5,24,2
bc1qtrh9z4ls2s2mflyhc5y0mtxt0y30n87c97z4qp,Bitcoin,6,42,b,bc,bc1,0,1,1,0.357142857,0.642857143,0,0.880952381,0.476190476,4.463280518,0,5,22,0
bc1qtrrfhr0f3ufsrjxfv8a7p3yuqj0spe4cm6vaws,Bitcoin,6,42,b,bc,bc1,0,1,1,0.214285714,0.785714286,0,0.952380952,0.452380952,4.469582006,0,10,23,2
bc1qtsl3ufenrv3zgrgm9z8xarcx22x8mfztuartyn,Bitcoin,6,42,b,bc,bc1,0,1,1,0.19047619,0.80952381,0,0.976190476,0.380952381,4.386015935,0,8,26,2
bc1qtywfzxx6snut2mdrum8dyr5nnd5qhqd29wmvqt,Bitcoin,6,42,b,bc,bc1,0,1,1,0.19047619,0.80952381,0,1,0.357142857,4.338396887,0,7,27,2
bc1qu3e9sq8cem759umc3pywlsly3rr2qvjlxfnn9l,Bitcoin,6,42,b,bc,bc1,0,1,1,0.261904762,0.738095238,0,0.904761905,0.428571429,4.41566147,0,7,24,2
bc1qu5vngdtcx8nc9d68pq8nv7pzcjrswsy87s66gk,Bitcoin,6,42,b,bc,bc1,0,1,1,0.285714286,0.714285714,0,1,0.452380952,4.386015935,0,7,23,2
bc1qup656lpfqfckhl580kwf62thmn5azmj2pal0sz,Bitcoin,6,42,b,bc,bc1,0,1,1,0.285714286,0.714285714,0,0.880952381,0.476190476,4.397687958,0,8,22,0
bc1quyc6j8ca84q9gjej5jjd2n8hra0vfu0j60fefs57p6e5rerkq07q0l5u3w,Bitcoin,6,62,b,bc,bc1,0,1,1,0.35483871,0.64516129,0,0.903225806,0.580645161,4.605023077,0,14,26,2
bc1qv4krhj2qmpd9qz9xj9nhvj99fq8s9xsw05d485,Bitcoin,6,42,b,bc,bc1,0,1,1,0.357142857,0.642857143,0,0.976190476,0.476190476,4.338396887,0,5,22,2
bc1qv7k70u2zynvem59u88ctdlaw7hc735d8xep9rq,Bitcoin,6,42,b,bc,bc1,0,1,1,0.357142857,0.642857143,0,0.952380952,0.571428571,4.642084685,0,9,18,2
bc1qvhnfknw852ephxyc5hm4q520zmvf9maphetc9z,Bitcoin,6,42,b,bc,bc1,0,1,1,0.261904762,0.738095238,0,0.976190476,0.476190476,4.433634982,0,9,22,0
bc1qvlzfn6kmezv44d8kw0p5jsmxe6wchv3zc7gsxs,Bitcoin,6,42,b,bc,bc1,0,1,1,0.238095238,0.761904762,0,0.952380952,0.428571429,4.606137661,0,8,24,2
bc1qvxlwpgcw260sc97a0u6dm0cjxv027clhd67fvx,Bitcoin,6,42,b,bc,bc1,0,1,1,0.333333333,0.666666667,0,0.857142857,0.571428571,4.282098602,0,10,18,0
bc1qw4cxpe6sxa5dg6sdwxjph959cw6yztrzl4r54s,Bitcoin,6,42,b,bc,bc1,0,1,1,0.285714286,0.714285714,0,0.976190476,0.476190476,4.361740934,0,8,22,0
bc1qw7vfgv3r5vnehafl0y95sclg3uqsj87wxs9ad628yjjcq33cwessr6ndyw,Bitcoin,6,62,b,bc,bc1,0,1,1,0.274193548,0.725806452,0,0.951612903,0.483870968,4.653725496,0,13,32,2
bc1qw8evftpgc8wsmkemd8yl5fg2husza5z802xaym,Bitcoin,6,42,b,bc,bc1,0,1,1,0.238095238,0.761904762,0,0.952380952,0.476190476,4.564820101,0,10,22,0
bc1qwa6zu6qhl6wqnlxp642vcf89nptsassle25ulf,Bitcoin,6,42,b,bc,bc1,0,1,1,0.261904762,0.738095238,0,0.904761905,0.452380952,4.403989446,0,8,23,2
bc1qwtswqzvaxl6lyw3keqqzwt8z937psta3wg9sjy,Bitcoin,6,42,b,bc,bc1,0,1,1,0.214285714,0.785714286,0,0.952380952,0.333333333,4.282098602,0,5,28,2
bc1qwyye7frjufeth0pecvaf3hz67lakt028dezv3p,Bitcoin,6,42,b,bc,bc1,0,1,1,0.238095238,0.761904762,0,0.928571429,0.547619048,4.564820101,0,13,19,2
bc1qwz0l2ceddckwdy5rh6zyrm3x4ha6gn5f2da5zg,Bitcoin,6,42,b,bc,bc1,0,1,1,0.261904762,0.738095238,0,0.952380952,0.547619048,4.48125403,0,12,19,2
bc1qx3e2axj3wsfn0ndtvlwmkghmmgm4583nqg8ngk,Bitcoin,6,42,b,bc,bc1,0,1,1,0.238095238,0.761904762,0,0.952380952,0.380952381,4.469582006,0,6,26,2
bc1qx9upga7f09tsetqf78wa3qrmcjar58mkwz6ng6,Bitcoin,6,42,b,bc,bc1,0,1,1,0.285714286,0.714285714,0,0.976190476,0.5,4.642084685,0,9,21,0
bc1qxp3sxw4q2rw3u9pd2k7udhp4eagc77jqcezv4q,Bitcoin,6,42,b,bc,bc1,0,1,1,0.285714286,0.714285714,0,1,0.5,4.41566147,0,9,21,2
bc1qyqvyupkpl6tm60zdecef925y220ssjuagpxsm0,Bitcoin,6,42,b,bc,bc1,0,1,1,0.261904762,0.738095238,0,0.904761905,0.452380952,4.540545101,0,8,23,2
bc1qzcg8y0utezp7zkp2cmqppd3x80l4gpqzew25wy,Bitcoin,6,42,b,bc,bc1,0,1,1,0.261904762,0.738095238,0,0.928571429,0.428571429,4.365664673,0,7,24,2
bc1qzqqdvukupr0qr5uckn2zjn40mkflnxu8fuuqdp,Bitcoin,6,42,b,bc,bc1,0,1,1,0.166666667,0.833333333,0,0.928571429,0.333333333,4.186860507,0,7,28,2
49HqitRzdnhYjgTEAhgGpCfsjdTeMbUTU6cyR4JV1R7k2Eej9rGT8JpFiYDa4tZM6RZiFrHmMzgSrhHEqpDYKBe5B2ufNsL,Monero,7,95,4,49,49H,1,1,1,0.136842105,0.863157895,0,1,0.357894737,5.463975082,11,10,61,0
5be5543ff73456ab9f2d207887e2af87322c651ea1a873c5b25b7ffae456c320,Monero,7,64,5,5b,5be,0,1,1,0.640625,0.359375,0,0.96875,1,3.81007847,0,23,0,2
84AwzjeFWXNEuhj8LWinXo93AqYr6wS8ZcnaBCoGhrL7EtvBMBovdhiUSV9xLhjrPA8t64hYSaMc8bHtWXoV9129EHUjU62,Monero,7,95,8,84,84A,1,1,1,0.2,0.8,0,1,0.389473684,5.269613045,11,7,58,0
86ze8c9oUftDSTxzFBhfSJYpjvw6GYkqjeEaggy3hBVL1ou2tk79DfSj5YiZ3wjDHp541tizcQ8bVCxCtVHQncuc3asa8wz,Monero,7,95,8,86,86z,1,1,1,0.189473684,0.810526316,0,1,0.421052632,5.390496661,9,13,55,2
87XWTP9tBECHXCwbyMK1KENoy4GeXkRviNzmhNc5Pvo5ExZ1QXjtRRyFeXPuHf7fNiS7KzBZNJeGweJhMbFB647171y66id,Monero,7,95,8,87,87X,1,1,1,0.189473684,0.810526316,0,1,0.4,5.242348935,10,10,57,2
884Bz8UH63aYsjVdkfWfScRYWZGGNbjFL7pztqvWNSrtYT4reFSwyvkCj9KEGUtheHhhMUj87ciTBFyzoesrMJ4L1FvSoxL,Monero,7,95,8,88,884,1,1,1,0.136842105,0.863157895,0,1,0.326315789,5.379764555,8,10,64,2
88wRZuGMuC5YQvXpKpeLFHQeZWW28XtGyZCizkqeypTaRcjzNNKVrCg7PpoEeWaj5A7wwbh5M2X9ycXrfUkbeptACsG4bVn,Monero,7,95,8,88,88w,1,1,1,0.126315789,0.873684211,0,1,0.347368421,5.398714756,8,13,62,2
8ANG5NBnApL94YAKRfCSaS7g2fjEi1DWVcFNTn3wQ5HpfsgtnusgxaXE24bbhXukTgF8esRnMsWaReRiqNbSBSbmRE5Nm5M,Monero,7,95,8,8A,8AN,1,1,1,0.147368421,0.852631579,0,1,0.410526316,5.325236335,12,13,56,2
t1MMXtBrSp1XG38Lx9cePcNUCJj5vdWfUWL,Zcash,8,35,t,t1,t1M,1,1,1,0.171428571,0.828571429,0,1,0.371428571,4.67214016,2,5,22,2
t1WSKwCDL1QYRRUrCCknEs5tDLhtGVYu9KM,Zcash,8,35,t,t1,t1W,1,1,1,0.114285714,0.885714286,0,1,0.285714286,4.514718017,6,0,25,2
t1g7wowvQ8gn2v8jrU1biyJ26sieNqNsBJy,Zcash,8,35,t,t1,t1g,1,1,1,0.228571429,0.771428571,0,1,0.314285714,4.500711588,1,2,24,0
